-- phpMyAdmin SQL Dump
-- version 4.7.4
-- https://www.phpmyadmin.net/
--
-- Host: 127.0.0.1
-- Generation Time: Oct 06, 2018 at 06:27 AM
-- Server version: 10.1.30-MariaDB
-- PHP Version: 5.6.33

SET SQL_MODE = "NO_AUTO_VALUE_ON_ZERO";
SET AUTOCOMMIT = 0;
START TRANSACTION;
SET time_zone = "+00:00";


/*!40101 SET @OLD_CHARACTER_SET_CLIENT=@@CHARACTER_SET_CLIENT */;
/*!40101 SET @OLD_CHARACTER_SET_RESULTS=@@CHARACTER_SET_RESULTS */;
/*!40101 SET @OLD_COLLATION_CONNECTION=@@COLLATION_CONNECTION */;
/*!40101 SET NAMES utf8mb4 */;

--
-- Database: `sekolah_ci`
--

-- --------------------------------------------------------

--
-- Table structure for table `agenda`
--

CREATE TABLE `agenda` (
  `id_agenda` int(5) NOT NULL,
  `tema` varchar(100) COLLATE latin1_general_ci NOT NULL,
  `tema_seo` varchar(100) COLLATE latin1_general_ci NOT NULL,
  `isi_agenda` text COLLATE latin1_general_ci NOT NULL,
  `tempat` varchar(100) COLLATE latin1_general_ci NOT NULL,
  `pengirim` varchar(100) COLLATE latin1_general_ci NOT NULL,
  `gambar` varchar(100) COLLATE latin1_general_ci NOT NULL,
  `tgl_mulai` date NOT NULL,
  `tgl_selesai` date NOT NULL,
  `tgl_posting` date NOT NULL,
  `jam` varchar(50) COLLATE latin1_general_ci NOT NULL,
  `dibaca` int(5) NOT NULL DEFAULT '1',
  `username` varchar(50) COLLATE latin1_general_ci NOT NULL
) ENGINE=MyISAM DEFAULT CHARSET=latin1 COLLATE=latin1_general_ci;

--
-- Dumping data for table `agenda`
--

INSERT INTO `agenda` (`id_agenda`, `tema`, `tema_seo`, `isi_agenda`, `tempat`, `pengirim`, `gambar`, `tgl_mulai`, `tgl_selesai`, `tgl_posting`, `jam`, `dibaca`, `username`) VALUES
(64, 'Elton John Greatest Hits Tour', 'elton-john-greatest-hits-tour', '<p>November ini,&nbsp; Indonesia akan disuguhkan salah satu konser megah dari legenda musik dunia yaitu Elton John. Penampilan Elton John yang pertama kalinya di Indonesia akan berlangsung pada 17 November 2012, di&nbsp; Sentul International Convention Center, Bogor yang lokasinya tidak begitu jauh dari Jakarta.<br />\r\n<br />\r\nKonser Elton John ini merupakan bagian dari tur dunianya yang bertajuk &ldquo;Greatest Hits Tour&rdquo; dan akan dimulai pada awal November dari Latvia sampai ke Australia. Elton John akan membawa band lamanya yang terdiri dari Davey Johnstone, Nigel Olsson, Robert Birch, Kim Bullard dan John Mahon, dan empat backing vocal yaitu Rose&nbsp; Batu (Sly dan The Family Stone), Lisa Bank, Tata Vega, dan Jean Witherspoon.</p>\r\n', 'Sentul International Convention Center', '', '510070sc-elton.jpg', '2012-11-17', '2012-11-17', '2012-08-20', '--', 73, 'admin'),
(62, 'Maroon Live in Jakarta 2012', 'maroon-live-in-jakarta-2012', 'Maroon 5 akan kembali menghibur penggemar Jakarta mereka dengan sebuah konser pada 5 Oktober 2012 di Istora Senayan, Jakarta. Ini akan menjadi penampilan kedua mereka di tanah air setelah tampil pada konser sold out 27 April 2011 lalu. Grup musik beraliran pop rock yang berasal dari Los Angeles, California Amerika Serikat. Rencananya menggelar konsernya pada 5 Oktober 2012, di Istora Senayan, Jakarta. Java Musikindo selaku promotor telah mengumumkan pembagian kelas serta harga tiket konser. Band yang digawangi oleh Adam Levine (vokal/gitar), Jesse Carmichael (keyboard/gitar),Mickey Madden (bass), James Valentine (gitar), Matt Flynn (drum) ini menggelar konser di Jakarta sebagai bagian dari promo album barunya, Overexposed, yang dirilis Juni lalu.\r\n', 'Istora Senayan Jakarta', '', '209930maroon_live_in_jakarta_2012.jpg', '2012-10-05', '2012-10-05', '2012-08-19', '', 25, 'admin'),
(63, 'Festival Musik Bambu Nusantara 2012', 'festival-musik-bambu-nusantara-2012', 'Bambu Nusantara ke-6 tahun ini akan digelar di Jakarta Convention Center (JCC), di Jalan Jenderal Gatot Subroto, Jakarta, pada 1 - 2 September 2012. Acara tersebut akan menghadirkan beraneka kreasi berbahan bambu dan tampilnya beragam seni dari bambu. Selain suguhan musik etnik berpadu dengan musik modern, dalam Acara ini juga akan turut diisi dengan pameran, seminar, merchandise, kuliner, dan fashion yang dipadu padankan dengan karya berbahan bambu.<br />\r\n', 'Jakarta Convention Center (JCC), Jakarta', '', '85235BambuNusantara2012.jpg', '2012-09-01', '2012-09-02', '2012-08-20', '09.00 - 21.00 Wib', 31, 'admin');

-- --------------------------------------------------------

--
-- Table structure for table `album`
--

CREATE TABLE `album` (
  `id_album` int(5) NOT NULL,
  `jdl_album` varchar(100) COLLATE latin1_general_ci NOT NULL,
  `album_seo` varchar(100) COLLATE latin1_general_ci NOT NULL,
  `keterangan` text COLLATE latin1_general_ci NOT NULL,
  `gbr_album` varchar(100) COLLATE latin1_general_ci NOT NULL,
  `aktif` enum('Y','N') COLLATE latin1_general_ci NOT NULL DEFAULT 'Y',
  `hits_album` int(5) NOT NULL DEFAULT '1',
  `tgl_posting` date NOT NULL,
  `jam` time NOT NULL,
  `hari` varchar(20) COLLATE latin1_general_ci NOT NULL,
  `username` varchar(50) COLLATE latin1_general_ci NOT NULL
) ENGINE=MyISAM DEFAULT CHARSET=latin1 COLLATE=latin1_general_ci;

--
-- Dumping data for table `album`
--

INSERT INTO `album` (`id_album`, `jdl_album`, `album_seo`, `keterangan`, `gbr_album`, `aktif`, `hits_album`, `tgl_posting`, `jam`, `hari`, `username`) VALUES
(30, 'Konser Kantata Barock 2011', 'konser-kantata-barock-2011', 'Para macan tua yang digawangi Iwan Fals, Setiawan Djody dan Sawung Jabo di Stadion Gelora Bung Karno, Jakarta,\r\nJumat (30/12) malam. Kantata kembali membawakan lagu-lagu legendarisnya\r\nsetelah 21 tahun vakum dari dunia musik.\r\n<div style=\"overflow: hidden; color: #000000; background-color: #ffffff; text-align: left; text-decoration: none; border: medium none\">\r\n<br />\r\n</div>\r\n', '4520kantata_barock.jpg', 'Y', 27, '2012-08-20', '09:12:06', 'Senin', 'admin'),
(31, 'Festival Seni Terbesar di Dunia', 'festival-seni-terbesar-di-dunia', '', '13festival_seni.jpg', 'Y', 0, '2012-08-20', '09:40:01', 'Senin', 'admin'),
(28, 'Murah Meriah di Pasar Asemka', 'murah-meriah-di-pasar-asemka', 'Pasar Asemka, Jakarta, merupakan pasar grosir yang banyak menyediakan berbagai aksesoris seperti kalung, cincin, Souvenir pernakahan, dan lainnya. Di Pasara Asemka anda akan dimanjakan dengan beragam barang yang dibandrol dengan harga murah meriah dan biasanya dijual grosiran. \r\n', '18asemka.jpg', 'Y', 8, '2012-08-18', '23:14:05', 'Sabtu', 'admin'),
(29, 'Karpet Raksasa dari Bunga', 'karpet-raksasa-dari-bunga', 'Belgia sedang memperingati peristiwa tahunan &quot;La Fete De La Fleur&quot; atau pesta bunga di bulan Agustus. Ahli bunga merancang karpet raksasa dari bunga di depan Grand Place di Brussel. Karpet ini dibuat menggunakan 700 ribu bunga.\r\n', '92bungaraksasa2.jpg', 'Y', 53, '2012-08-19', '03:02:27', 'Minggu', 'admin'),
(41, 'Murah Meriah di Pasar Asemka', 'murah-meriah-di-pasar-asemka', 'Pasar Asemka, Jakarta, merupakan pasar grosir yang banyak menyediakan berbagai aksesoris seperti kalung, cincin, Souvenir pernakahan, dan lainnya. Di Pasara Asemka anda akan dimanjakan dengan beragam barang yang dibandrol dengan harga murah meriah dan biasanya dijual grosiran. \r\n', '18asemka.jpg', 'Y', 173, '2012-08-18', '23:14:05', 'Sabtu', 'admin');

-- --------------------------------------------------------

--
-- Table structure for table `background`
--

CREATE TABLE `background` (
  `id_background` int(5) NOT NULL,
  `gambar` varchar(255) NOT NULL
) ENGINE=MyISAM DEFAULT CHARSET=latin1;

--
-- Dumping data for table `background`
--

INSERT INTO `background` (`id_background`, `gambar`) VALUES
(1, 'blue');

-- --------------------------------------------------------

--
-- Table structure for table `banner`
--

CREATE TABLE `banner` (
  `id_banner` int(5) NOT NULL,
  `judul` varchar(100) COLLATE latin1_general_ci NOT NULL,
  `url` varchar(100) COLLATE latin1_general_ci NOT NULL,
  `gambar` varchar(100) COLLATE latin1_general_ci NOT NULL,
  `tgl_posting` date NOT NULL
) ENGINE=MyISAM DEFAULT CHARSET=latin1 COLLATE=latin1_general_ci;

--
-- Dumping data for table `banner`
--

INSERT INTO `banner` (`id_banner`, `judul`, `url`, `gambar`, `tgl_posting`) VALUES
(19, 'Private Training Web Development', 'https://phpmu.com', '', '2017-05-21'),
(20, 'Kursus Web Programming Online', 'https://phpmu.com', '', '2017-05-21'),
(21, 'Komunitas Belajar web Programming', 'https://phpmu.com', '', '2017-05-21'),
(22, 'Jasa Pembuatan Website Murah', 'https://phpmu.com', '', '2017-05-21'),
(23, 'Komunitas  Pecinta CMS Lokomedia', 'https://phpmu.com', '', '2017-05-21');

-- --------------------------------------------------------

--
-- Table structure for table `berita`
--

CREATE TABLE `berita` (
  `id_berita` int(5) NOT NULL,
  `id_kategori` int(5) NOT NULL,
  `username` varchar(30) COLLATE latin1_general_ci NOT NULL,
  `judul` varchar(100) COLLATE latin1_general_ci NOT NULL,
  `sub_judul` varchar(255) COLLATE latin1_general_ci NOT NULL,
  `youtube` varchar(100) COLLATE latin1_general_ci NOT NULL,
  `judul_seo` varchar(100) COLLATE latin1_general_ci NOT NULL,
  `headline` enum('Y','N') COLLATE latin1_general_ci NOT NULL DEFAULT 'Y',
  `aktif` enum('Y','N') COLLATE latin1_general_ci NOT NULL DEFAULT 'N',
  `utama` enum('Y','N') COLLATE latin1_general_ci NOT NULL DEFAULT 'Y',
  `isi_berita` longtext CHARACTER SET latin1 NOT NULL,
  `keterangan_gambar` text COLLATE latin1_general_ci NOT NULL,
  `hari` varchar(20) COLLATE latin1_general_ci NOT NULL,
  `tanggal` date NOT NULL,
  `jam` time NOT NULL,
  `gambar` varchar(100) COLLATE latin1_general_ci NOT NULL,
  `dibaca` int(5) NOT NULL DEFAULT '1',
  `tag` varchar(100) COLLATE latin1_general_ci NOT NULL,
  `status` enum('Y','N') COLLATE latin1_general_ci NOT NULL DEFAULT 'Y'
) ENGINE=MyISAM DEFAULT CHARSET=latin1 COLLATE=latin1_general_ci;

--
-- Dumping data for table `berita`
--

INSERT INTO `berita` (`id_berita`, `id_kategori`, `username`, `judul`, `sub_judul`, `youtube`, `judul_seo`, `headline`, `aktif`, `utama`, `isi_berita`, `keterangan_gambar`, `hari`, `tanggal`, `jam`, `gambar`, `dibaca`, `tag`, `status`) VALUES
(687, 61, 'admin', 'Lomba Akuntansi 2018 di Universitas Islam 45 Bekasi', '', '', 'lomba-akuntansi-2018-di-universitas-islam-45-bekasi', 'Y', 'Y', 'Y', '<p>Selamat dan sukses kepada peserta lomba dari&nbsp;SMAN 1 Tambun Selatan yang berhasil meraih Juara 3 Lomba Akuntansi.<br />\r\nTeam dari SMAN 1 Tambun Selatan dibimbing oleh pembina Ibu Sri Mulyani. Kegiatan lomba diadakan di&nbsp;Universitas Islam 45 Bekasi pada tanggal 25 September 2018.</p>\r\n', '', 'Sabtu', '2018-10-06', '06:36:50', 'lomba_akuntansi.jpg', 0, '', 'Y'),
(688, 61, 'admin', 'Lomba Karya Ilmiah Nasional 2018', '', '', 'lomba-karya-ilmiah-nasional-2018', 'Y', 'Y', 'Y', '<p>Selamat &amp; sukses kepada<br />\r\nArnoldus Bevan&nbsp;XII IPA 1&nbsp;- Laras Septiana Dewi&nbsp;XI IPA 2&nbsp;- Keiko Christi S&nbsp;XI IPA 2<br />\r\nPembimbingnya Dian Rosalina<br />\r\nYang meraih JUARA EXPO Terbaik<br />\r\nLomba Karya Ilmiah Nasional<br />\r\nUniversitas Lampung, 19 - 23 September 2018</p>\r\n', '', 'Sabtu', '2018-10-06', '06:36:33', 'lomba_karya_ilmiah.jpg', 0, '', 'Y'),
(689, 61, 'admin', 'Kejurnas Universitas Teknologi Indonesia - BALI 2018', '', '', 'kejurnas-universitas-teknologi-indonesia--bali-2018', 'N', 'N', 'N', '<p>Selamat &amp; sukses kepada<br />\r\nFransiskus Moses Partogi Sinaga -&nbsp;XI MIPA 2<br />\r\nJuara 1 di Kejurnas UTI BALI 2018&nbsp;</p>\r\n', '', 'Sabtu', '2018-10-06', '10:09:14', 'kejurnas_utl_18.jpg', 0, '', 'Y'),
(690, 62, 'admin', 'Pentas Drama Sanggar Seni Celoteh 2018', '', '', 'pentas-drama-sanggar-seni-celoteh-2018', 'Y', 'Y', 'Y', '<p>PENTAS DRAMA &quot; KARTINI&quot;<br />\r\nSANGGAR SENI CELOTEH<br />\r\nSMAN 1 Tambun Selatan</p>\r\n', '', 'Sabtu', '2018-10-06', '10:13:54', 'celoteh.jpg', 0, '', 'Y'),
(691, 61, 'admin', 'Kejuaraan Karate Tingkat Provinsi 2018', '', '', 'kejuaraan-karate-tingkat-provinsi-2018', 'Y', 'Y', 'Y', '<p>Kejuaraan Karate Tingkat Provinsi<br />\r\nPerguruan Wadokal<br />\r\n9 September 2018 di Lw. Panjang Bogor<br />\r\nSelamat &amp; sukses kepada&nbsp;<br />\r\nChesa Fadilla XII IPA 6 Juara 1 - Dyah Isnaini XI IPA 7 Juara 1<br />\r\nPranindya Arin XII IPA 6 Juara1 - Lutfi X IPS Juara 1</p>\r\n', '', 'Sabtu', '2018-10-06', '10:15:40', 'karate.jpg', 1, '', 'Y');

-- --------------------------------------------------------

--
-- Table structure for table `download`
--

CREATE TABLE `download` (
  `id_download` int(5) NOT NULL,
  `judul` varchar(100) COLLATE latin1_general_ci NOT NULL,
  `nama_file` varchar(100) COLLATE latin1_general_ci NOT NULL,
  `tgl_posting` date NOT NULL,
  `hits` int(3) NOT NULL
) ENGINE=MyISAM DEFAULT CHARSET=latin1 COLLATE=latin1_general_ci;

--
-- Dumping data for table `download`
--

INSERT INTO `download` (`id_download`, `judul`, `nama_file`, `tgl_posting`, `hits`) VALUES
(11, 'Total Biaya Pembuatan Aplikasi Simpeg', 'Contoh_File_Download_1.txt', '2014-09-23', 8),
(12, 'Type atau Jenis Join di MySQL', 'Contoh_File_Download_1.txt', '2014-09-23', 68),
(13, 'Kegiatan Monev Tgl. 14-17 Oktober 2014 (SAKPA)', 'Contoh_File_Download_1.txt', '2014-09-23', 34),
(14, 'Pembayaran Tunjangan Remunerasi', 'Contoh_File_Download_1.txt', '2014-09-23', 24),
(15, 'Target PNBP Umum & PNBP Fungsional TA.2015', 'Contoh_File_Download_1.txt', '2014-09-23', 3),
(16, 'Pelaksanaan Disiplin Pasca Idul Fitri 1435', 'Contoh_File_Download_1.txt', '2014-09-23', 90),
(17, 'Kegiatan Akurasi Data Semester I TA. 2014', 'Contoh_File_Download_1.txt', '2014-09-23', 14),
(18, 'Rapat Koordinasi dan Konsultasi', 'Contoh_File_Download_1.txt', '2014-09-23', 5),
(19, 'Lomba dan Penilaian SIMPEG dan E-DOCu', 'Contoh_File_Download_1.txt', '2014-09-23', 90),
(20, 'Pemanggilan Peserta Bimtek Hakim Tahun 2014', 'Contoh_File_Download_1.txt', '2014-09-23', 33),
(21, 'Penyusunan PAGU Indikatif Tahun Anggaran 2015', 'Contoh_File_Download_1.txt', '2014-09-23', 57),
(22, 'Revisi Tata Cara Restore Backup SAKPA13 Audited', 'Contoh_File_Download_1.txt', '2014-09-23', 44),
(23, 'Penyusunan RKAKL Alokasi Anggaran DIPA (04)', 'Contoh_File_Download_1.txt', '2014-09-23', 24),
(24, 'Tindaklanjut Temuan Pemeriksaan BPK RI', 'Contoh_File_Download_1.txt', '2014-09-23', 12),
(25, 'Verifikasi Kewajaran Nilai Tanah SIMAK-BMN', 'Contoh_File_Download_1.txt', '2014-09-23', 3),
(26, 'Instruksi Ketua Umum IPASPI Pusat (new)', 'Contoh_File_Download_1.txt', '2014-09-23', 24),
(27, 'Relaas Perkara No.0081/Pdt.G/2013/PA.Stg', 'Contoh_File_Download_1.txt', '2014-09-23', 6);

-- --------------------------------------------------------

--
-- Table structure for table `gallery`
--

CREATE TABLE `gallery` (
  `id_gallery` int(5) NOT NULL,
  `id_album` int(5) NOT NULL,
  `username` varchar(50) COLLATE latin1_general_ci NOT NULL,
  `jdl_gallery` varchar(100) COLLATE latin1_general_ci NOT NULL,
  `gallery_seo` varchar(100) COLLATE latin1_general_ci NOT NULL,
  `keterangan` text COLLATE latin1_general_ci NOT NULL,
  `gbr_gallery` varchar(100) COLLATE latin1_general_ci NOT NULL
) ENGINE=MyISAM DEFAULT CHARSET=latin1 COLLATE=latin1_general_ci;

--
-- Dumping data for table `gallery`
--

INSERT INTO `gallery` (`id_gallery`, `id_album`, `username`, `jdl_gallery`, `gallery_seo`, `keterangan`, `gbr_gallery`) VALUES
(238, 30, 'admin', 'Lautan Penonton', 'lautan-penonton', 'Lebih kurang dari 50.000 penonton yang memadati Stadion Gelora Bung Karno menyaksikan aksi Kantata Barock.\r\n', '7kantata3.jpg'),
(237, 30, 'admin', 'Mengenang WS. Rendra', 'mengenang-ws-rendra', 'Konser didedikasikan buat salah satu anggota Kantata Takwa, WS. Rendra. Suasana kemeriahan para artis pendukung.\r\n', '44kantata4.jpg'),
(240, 31, 'admin', 'Doa Bersamaaa', 'doa-bersamaaa', '<p>Mengingat agresi yang militer yang dilancarkan Israel merupakan pelanggaran hukum humaniter internasional. Menyusul banyak warga sipil yang telah menjadi korban akibat pertempuran yang dilakukan Israel dan Hamas. Sebelumnya, Sekretaris Jendral Perserikatan Bangsa - Bangsa (PBB) Ban Ki-moon dan Menteri Luar Negeri Amerika Serikat (AS) John Kerry melakukan pertemuan di Kairo, Mesir. Pertemuan di bertujuan untuk mendesak agar konflik yang terjadi di Gaza segera dihentikan.cbcvb</p>\r\n', '38kantata1.jpg'),
(239, 30, 'admin', 'Semangat Kantata', 'semangat-kantata', 'Semangat para macan-macan tua Kantata, seolah mmemberi penyadaran baru dan bagai api yang tak pernah padam.\r\n', '7kantata2.jpg'),
(236, 30, 'admin', 'Iwan Fals', 'iwan-fals', 'Iwan Fals yang tergabung dalam Kantata Barock bersama Setiawan Djodi dan Sawong Jabo menghibur penggemarnya di GBK.\r\n', '85kantata5.jpg'),
(235, 30, 'admin', 'Iwan dan Oemar Bakrie', 'iwan-dan-oemar-bakrie', 'Aksi penonton yang mirip dengan Iwan Fals dan sang guru Oemar Bakrie\r\n', '95kantata6.jpg'),
(234, 30, 'admin', 'Bento...Bento..!!', 'bentobento', 'Bento...Bento...Bentok...!! ....Asyikkk... begitu teriak Setiawan Djody dan Sawung Jabo yang ikuti ribuan penonton.\r\n', '32kantata7.jpg'),
(232, 29, 'admin', 'Karpet Raksasa dari Bunga 008', 'karpet-raksasa-dari-bunga-008', '', '45bungaraksasa8.jpg'),
(233, 30, 'admin', 'Sujud Syukur', 'sujud-syukur', 'Seluruh awak Kantata Barock melakukan sujud syukur di penghujung acara.<br />\r\n', '32kantata8.jpg'),
(231, 29, 'admin', 'Karpet Raksasa dari Bunga 007', 'karpet-raksasa-dari-bunga-007', '', '89bungaraksasa7.jpg'),
(230, 29, 'admin', 'Karpet Raksasa dari Bunga 006', 'karpet-raksasa-dari-bunga-006', '', '17bungaraksasa6.JPG'),
(229, 29, 'admin', 'Karpet Raksasa dari Bunga 005', 'karpet-raksasa-dari-bunga-005', '', '74bungaraksasa5.JPG'),
(228, 29, 'admin', 'Karpet Raksasa dari Bunga 004', 'karpet-raksasa-dari-bunga-004', '', '22bungaraksasa4.JPG'),
(227, 29, 'admin', 'Karpet Raksasa dari Bunga 003', 'karpet-raksasa-dari-bunga-003', '', '78bungaraksasa3.JPG'),
(225, 29, 'admin', 'Karpet Raksasa dari Bunga 001', 'karpet-raksasa-dari-bunga-001', '', '17bungaraksasa1.JPG'),
(226, 29, 'admin', 'Karpet Raksasa dari Bunga 002', 'karpet-raksasa-dari-bunga-002', '', '22bungaraksasa2.JPG'),
(224, 28, 'admin', 'Favorit', 'favorit', 'Mainan adalah barang favorit yang senantiasa diburu para pembeli. Selain murah, pilihannya pun berbagai jenis.\r\n', '34asemka10.jpg'),
(223, 28, 'admin', 'Suasana Pasar Asemka', 'suasana-pasar-asemka', 'Pasar Asemka, Jakarta, merupakan pasar grosir yang banyak menyediakan berbagai aksesoris seperti kalung, cincin, Souvenir pernakahan, dan lainnya. Di Pasara Asemka anda akan dimanjakan dengan beragam barang yang dibandrol dengan harga murah meriah dan biasanya dijual grosiran.<br />\r\n', '6asemka9.jpg'),
(222, 28, 'admin', 'Petasan', 'petasan', 'Petasan aneka jenis juga dijajakan di Pasar Asemka, Jakarta.\r\n', '2asemka8.jpg'),
(221, 28, 'admin', 'Merah Marun', 'merah-marun', 'Salah satu suvenir pernikahan nan cantik yang dijual di Pasar Asemka, Jakarta.\r\n', '82asemka4.jpg'),
(220, 28, 'admin', 'Menata Cincin', 'menata-cincin', 'Seorang pedagang cincin aksesoris sedang merapihkan letak cincin agar lebih menarik di Pasar Asemka, Jakarta.\r\n', '21asemka7.jpeg'),
(219, 28, 'admin', 'Suvenir', 'suvenir', 'Aneka Souvenir Pernikahan yang dijual di Pasar Asemka, Jakarta.\r\n', '41asemka1.jpg'),
(218, 28, 'admin', 'Seorang Wanita Pedagang', 'seorang-wanita-pedagang', 'Seorang wanita sedang menunggu kios aksesorisnya.\r\n', '7asemka6.jpeg'),
(217, 28, 'admin', 'Suasana Pasar', 'suasana-pasar', 'Suasana di Pasar Asemka yang senantiasa ramai. Dan pengunjung bebas memilih berbagai jenis aksesoris.\r\n', '22asemka5.jpeg'),
(216, 28, 'admin', 'Pedagang', 'pedagang', 'Seorang pedagang sedang membungkus souvenir penikahan yang akan dijual ataupun pesanan dari pelanggangnnya.\r\n', '84asemka2.jpg'),
(254, 1, 'admin', 'Screenshot 1 ', 'screenshot-1-', 'Screenshot 1 Screenshot 1 Screenshot 1 Screenshot 1 Screenshot 1 Screenshot 1 Screenshot 1 Screenshot 1 Screenshot 1 Screenshot 1 Screenshot 1 Screenshot 1 Screenshot 1 Screenshot 1 Screenshot 1 Screenshot 1 Screenshot 1 Screenshot 1 Screenshot 1 Screenshot 1 Screenshot 1 Screenshot 1 Screenshot 1 Screenshot 1 Screenshot 1 Screenshot 1 Screenshot 1 Screenshot 1 Screenshot 1 Screenshot 1 Screenshot 1 Screenshot 1 Screenshot 1 Screenshot 1 Screenshot 1 Screenshot 1 Screenshot 1 ', '911.jpg');

-- --------------------------------------------------------

--
-- Table structure for table `grafik_lulusan`
--

CREATE TABLE `grafik_lulusan` (
  `id_grafik` int(5) NOT NULL,
  `id_link` int(3) NOT NULL,
  `jumlah` int(5) NOT NULL,
  `tahun` int(4) NOT NULL,
  `username` varchar(50) NOT NULL
) ENGINE=MyISAM DEFAULT CHARSET=latin1;

--
-- Dumping data for table `grafik_lulusan`
--

INSERT INTO `grafik_lulusan` (`id_grafik`, `id_link`, `jumlah`, `tahun`, `username`) VALUES
(1, 1, 78, 2017, 'admin'),
(2, 2, 123, 2017, 'admin'),
(3, 3, 67, 2017, 'admin'),
(4, 4, 23, 2017, 'admin'),
(5, 5, 12, 2017, 'admin'),
(6, 6, 45, 2017, 'admin'),
(7, 7, 11, 2017, 'admin'),
(8, 8, 33, 2017, 'admin'),
(9, 9, 55, 2017, 'admin'),
(10, 10, 71, 2017, 'admin');

-- --------------------------------------------------------

--
-- Table structure for table `halamanstatis`
--

CREATE TABLE `halamanstatis` (
  `id_halaman` int(5) NOT NULL,
  `judul` varchar(100) NOT NULL,
  `judul_seo` varchar(100) NOT NULL,
  `isi_halaman` text NOT NULL,
  `tgl_posting` date NOT NULL,
  `gambar` varchar(100) NOT NULL,
  `username` varchar(50) CHARACTER SET latin1 COLLATE latin1_general_ci NOT NULL,
  `dibaca` int(5) NOT NULL DEFAULT '1',
  `jam` time NOT NULL,
  `hari` varchar(20) CHARACTER SET latin1 COLLATE latin1_general_ci NOT NULL,
  `urutan` int(11) NOT NULL,
  `kelompok` int(11) NOT NULL
) ENGINE=MyISAM DEFAULT CHARSET=latin1;

--
-- Dumping data for table `halamanstatis`
--

INSERT INTO `halamanstatis` (`id_halaman`, `judul`, `judul_seo`, `isi_halaman`, `tgl_posting`, `gambar`, `username`, `dibaca`, `jam`, `hari`, `urutan`, `kelompok`) VALUES
(4, 'Lapangan Olahraga', 'lapangan-olahraga', '<p style=\"text-align: center;\">&nbsp;</p>\r\n<p style=\"text-align: center;\">&nbsp;</p>\r\n<p style=\"text-align: center;\">&nbsp;</p>\r\n<p style=\"text-align: center;\">Mohon Maaf, Informasi belum di publish/diterbitkan.<br />Informasi pada halaman ini sedang dalam proses dan akan diterbitkan secepatnya.<br />Hubungi SMA 1 Bekasi di Email. <span style=\"color: #ff0000;\">dankrez48@gmail.com</span>.&nbsp;</p>', '2015-07-05', '', 'admin', 0, '16:34:41', 'Minggu', 2, 2),
(5, 'Struktur Organisasi', 'struktur-organisasi', '<p style=\"text-align:center\">&nbsp;</p>\r\n\r\n<p style=\"text-align:center\">&nbsp;</p>\r\n\r\n<p style=\"text-align:center\">&nbsp;</p>\r\n\r\n<p style=\"text-align:center\">Mohon Maaf, Informasi belum di publish/diterbitkan.<br />\r\nInformasi pada halaman ini sedang dalam proses dan akan diterbitkan secepatnya.<br />\r\nHubungi SMA 1 Bekasi di Email. <span style=\"color:#ff0000\">dankrez48@gmail.com</span>.&nbsp;</p>\r\n', '2015-07-05', '', 'admin', 3, '16:31:59', 'Minggu', 3, 1),
(6, 'Dokumen', 'dokumen', '<p style=\"text-align: center;\">&nbsp;</p>\r\n<p style=\"text-align: center;\">&nbsp;</p>\r\n<p style=\"text-align: center;\">&nbsp;</p>\r\n<p style=\"text-align: center;\">Mohon Maaf, Informasi belum di publish/diterbitkan.<br />Informasi pada halaman ini sedang dalam proses dan akan diterbitkan secepatnya.<br />Hubungi SMA 1 Bekasi di Email. <span style=\"color: #ff0000;\">dankrez48@gmail.com</span>.&nbsp;</p>', '2015-07-05', '', 'admin', 0, '16:32:14', 'Minggu', 4, 1),
(7, 'Guru dan Karyawan', 'guru-dan-karyawan', '<p style=\"text-align: center;\">&nbsp;</p>\r\n<p style=\"text-align: center;\">&nbsp;</p>\r\n<p style=\"text-align: center;\">&nbsp;</p>\r\n<p style=\"text-align: center;\">Mohon Maaf, Informasi belum di publish/diterbitkan.<br />Informasi pada halaman ini sedang dalam proses dan akan diterbitkan secepatnya.<br />Hubungi SMA 1 Bekasi di Email. <span style=\"color: #ff0000;\">dankrez48@gmail.com</span>.&nbsp;</p>', '2015-07-05', '', 'admin', 2, '16:32:36', 'Minggu', 5, 1),
(1, 'Sejarah Singkat', 'sejarah-singkat', '<p style=\"text-align:justify\"><strong>SMA Negeri 1 Tambun Selatan berdiri</strong>&nbsp;sejak tahun 1984. Merupakan afiliasi dari SMAN 1 Bekasi. Perkembangan sekolah yang begitu cepat di iringi dengan terus meningkatnya baik secara fisik maupun prestasi Akademis&nbsp;<em>(Intrakurikuler)</em>&nbsp;serta Keterampilan siswa&nbsp;<em>(Ektrakurikuler)</em>&nbsp;hal ini membuat animo masyarakat yang tinggal khususnya di Kabupaten Bekasi serta sekitarnya pada umumnya, cukup besar minat untuk dapat menyekolahkan putra putrinya ke SMA Negeri 1 Tambun Selatan.</p>\r\n\r\n<p style=\"text-align:justify\">Secara geografis Kabupaten Bekasi, SMAN 1 Tambun Selatan merupakan penopang dan penyangga arus penduduk Ibu Kota dan melebarnya industrialisasi, teknologi serta budaya. Dewasa ini arus globalisasi, urbanisasi dan teknologi telah merambah kehampir sebagian besar wilayah Bekasi. Maka hal ini pun terjadi masyarakat yang multi dimensi disetiap lini kehidupan, bahkan masyarakat asli Bekasi nyaris tergusur baik secara fisik,&nbsp;<em>psikis</em>&nbsp;maupun&nbsp;<em>etnografis</em>.</p>\r\n\r\n<p style=\"text-align:justify\">Sekolah merupakan lembaga pendidikan dan sekaligus sebagai pelayan peserta didik&nbsp;<em>(Client Society)</em>, keberadaan SMA Negeri 1 Tambun Selatan yang secara geografis berada ditengah-tengah mereka, harus mampu menjembatani dan sekaligus menyesuaikan terhadap kebutuhan yang diperlukan masyarakat. Kebutuhan Lingkungan Kabupaten Bekasi sangat erat dengan kebutuhan teknologi, industrialisasi yang semuanya serba komputerisasi.</p>\r\n\r\n<p style=\"text-align:justify\">Berikut ini adalah Data Sekolah serta Kepala Sekolah yang pernah memimpin SMA Negeri 1 Tambun Selatan dimulai dari sejak berdirinya SMAN 1 Tambun Selatan sampai dengan saat ini :</p>\r\n\r\n<p><strong>IDENTITAS SEKOLAH</strong></p>\r\n\r\n<table border=\"0\">\r\n	<tbody>\r\n		<tr>\r\n			<td>Nama</td>\r\n			<td>: SMAN 1 Tambun Selatan</td>\r\n		</tr>\r\n		<tr>\r\n			<td>NPSN</td>\r\n			<td>: 20218351</td>\r\n		</tr>\r\n		<tr>\r\n			<td>Alamat</td>\r\n			<td>: Jl. Kebon Kelapa No.02</td>\r\n		</tr>\r\n		<tr>\r\n			<td>Kecamatan</td>\r\n			<td>: Tambun Selatan</td>\r\n		</tr>\r\n		<tr>\r\n			<td>Kotamadya / Kabupaten</td>\r\n			<td>: Kabupaten Bekasi</td>\r\n		</tr>\r\n		<tr>\r\n			<td>Provinsi</td>\r\n			<td>: Jawa Barat</td>\r\n		</tr>\r\n		<tr>\r\n			<td>Kode Pos</td>\r\n			<td>: 17510</td>\r\n		</tr>\r\n		<tr>\r\n			<td>No. Telepon</td>\r\n			<td>: 021 88325613</td>\r\n		</tr>\r\n		<tr>\r\n			<td>No. Fax</td>\r\n			<td>: 021 88325543</td>\r\n		</tr>\r\n		<tr>\r\n			<td>E-mail</td>\r\n			<td>: info@smantas.net</td>\r\n		</tr>\r\n		<tr>\r\n			<td>Waktu Persekolahan</td>\r\n			<td>: Pagi (1 Shift)</td>\r\n		</tr>\r\n		<tr>\r\n			<td>Akreditasi</td>\r\n			<td>: Sangat Baik (A) Nilai 97.09</td>\r\n		</tr>\r\n		<tr>\r\n			<td>Jenjang</td>\r\n			<td>: Sekolah Menengah Atas</td>\r\n		</tr>\r\n		<tr>\r\n			<td>Status</td>\r\n			<td>: Negeri</td>\r\n		</tr>\r\n		<tr>\r\n			<td>Kelas Akselerasi</td>\r\n			<td>: 1 Kelas</td>\r\n		</tr>\r\n		<tr>\r\n			<td>Website</td>\r\n			<td>: http://www.smantas.sch.id/</td>\r\n		</tr>\r\n	</tbody>\r\n</table>\r\n', '2014-04-07', '', 'admin', 14, '13:10:57', 'Senin', 1, 1),
(2, 'Lapangan Parkir', 'lapangan-parkir', '<p style=\"text-align: center;\">&nbsp;</p>\r\n<p style=\"text-align: center;\">&nbsp;</p>\r\n<p style=\"text-align: center;\">&nbsp;</p>\r\n<p style=\"text-align: center;\">Mohon Maaf, Informasi belum di publish/diterbitkan.<br />Informasi pada halaman ini sedang dalam proses dan akan diterbitkan secepatnya.<br />Hubungi SMA 1 Bekasi di Email. <span style=\"color: #ff0000;\">dankrez48@gmail.com</span>.&nbsp;</p>', '2014-04-07', '', 'admin', 6, '13:32:28', 'Senin', 1, 2),
(3, 'Visi dan Misi', 'visi-dan-misi', '<p><strong><strong>SMAN 1 TAMBUN SELATAN</strong></strong><br />\r\n&nbsp;</p>\r\n\r\n<p><strong>VISI</strong></p>\r\n\r\n<p>Menjadikan SMAN 1 Tambun Selatan Unggul dalam prestasi yang berdaya saing internasional dengan dilandasi Iptek dan Imtaq.</p>\r\n\r\n<p><strong>MISI</strong></p>\r\n\r\n<p>1. Menyelenggarakan Sistem pembelajaran yang mengedepankan imtaq dan iptek</p>\r\n\r\n<p>2. Melaksanakan sistem pembelajaran yang berbasis ICT dan bilingual</p>\r\n\r\n<p>3. Melaksanakan pengembangan SDM guru / karyawan yang berorientasi kebutuhan, perkembangan&nbsp;&nbsp; &nbsp; teknologi dan peningkatan daya saing</p>\r\n\r\n<p>4. Menyediakan sarana prasarana pendidikan berbasis ICT dan berstandar nasional/internasional</p>\r\n\r\n<p>5. Melaksanakan pengembangan dan pemberdayaan potensi siswa yang mengacu pada mutu, prestasi,&nbsp;dan peningkatan kompetensi</p>\r\n\r\n<p>6. Melaksanakan kerjasama dengan lembaga terkait dalam dan luar negeri dalam&nbsp;rangka mengembangkan&nbsp;kemitraan strategis dan akselerasi mutu pendidikan</p>\r\n\r\n<p>7. Melaksanakan pelayanan administrasi sekolah yang mengutamakan kecepatan, ketepatan, dan&nbsp;kepuasan stakeholder sekolah</p>\r\n\r\n<p>8. Membangun kebersamaan, kekeluargaan, dan keharmonisan warga sekolah.</p>\r\n\r\n<p>9. Membangun keluhuran akhlak mulia dan budi pekerti warga sekolah</p>\r\n\r\n<p>10. Menciptakan sistem dan mekanisme kerja sekolah yang professional<br />\r\n&nbsp;</p>\r\n\r\n<p>&nbsp;<strong>INDIKATOR PENCAPAIAN MISI SEKOLAH</strong></p>\r\n\r\n<p>1. Unggul dalam penyelenggaraan sistem sembelajaran yang mengedepankan Imtaq dan Iptek</p>\r\n\r\n<p>2. Unggul dalam pelaksanaan sistem pembelajaran yang berbasis ICT dan Bilingual</p>\r\n\r\n<p>3. Unggul dalam pelaksanaan pengembangan SDM guru/Karyawan yang berorientasi kebutuhan,&nbsp;perkembangan teknologi dan peningkatan daya saing</p>\r\n\r\n<p>4. Unggul dalam penyediaan sarana prasarana pendidikan berbasis ICT dan berstandar Nasional/Internasional</p>\r\n\r\n<p>5. Unggul dalam pelaksanaan pengembangan dan pemberdayaan potensi siswa yang mengacu pada mutu, prestasi, dan peningkatan kompetensi</p>\r\n\r\n<p>6. Unggul dalam pelaksanaan kerjasama dengan lembaga terkait dalam dan luar negeri dalam rangka mengembangkan kemitraan strategis dan akselerasi mutu pendidikan</p>\r\n\r\n<p>7. Unggul dalam pelaksanaan pelayanan administrasi sekolah yang mengutamakan kecepatan, ketepatan,&nbsp;dan kepuasan stakeholder sekolah</p>\r\n\r\n<p>8. Unggul dalam membangun kebersamaan, kekeluargaan dan keharmonisan warga sekolah</p>\r\n\r\n<p>9. Unggul dalam Membangun keluhuran akhlak mulia dan budi pekerti warga sekolah</p>\r\n\r\n<p>10. Unggul dalam Menciptakan sistem dan mekanisme kerja sekolah yang profesional</p>\r\n', '2015-07-05', '', 'admin', 0, '16:31:30', 'Minggu', 2, 1),
(8, 'Program Sekolah', 'program-sekolah', '<p style=\"text-align: center;\">&nbsp;</p>\r\n<p style=\"text-align: center;\">&nbsp;</p>\r\n<p style=\"text-align: center;\">&nbsp;</p>\r\n<p style=\"text-align: center;\">Mohon Maaf, Informasi belum di publish/diterbitkan.<br />Informasi pada halaman ini sedang dalam proses dan akan diterbitkan secepatnya.<br />Hubungi SMA 1 Bekasi di Email. <span style=\"color: #ff0000;\">dankrez48@gmail.com</span>.&nbsp;</p>', '2015-07-05', '', 'admin', 2, '16:32:54', 'Minggu', 6, 1),
(9, 'Prestasi Sekolah', 'prestasi-sekolah', '<p style=\"text-align: center;\">&nbsp;</p>\r\n<p style=\"text-align: center;\">&nbsp;</p>\r\n<p style=\"text-align: center;\">&nbsp;</p>\r\n<p style=\"text-align: center;\">Mohon Maaf, Informasi belum di publish/diterbitkan.<br />Informasi pada halaman ini sedang dalam proses dan akan diterbitkan secepatnya.<br />Hubungi SMA 1 Bekasi di Email. <span style=\"color: #ff0000;\">dankrez48@gmail.com</span>.&nbsp;</p>', '2015-07-05', '', 'admin', 0, '16:33:11', 'Minggu', 7, 1),
(10, 'Ruang Kelas', 'ruang-kelas', '<p style=\"text-align: center;\">&nbsp;</p>\r\n<p style=\"text-align: center;\">&nbsp;</p>\r\n<p style=\"text-align: center;\">&nbsp;</p>\r\n<p style=\"text-align: center;\">Mohon Maaf, Informasi belum di publish/diterbitkan.<br />Informasi pada halaman ini sedang dalam proses dan akan diterbitkan secepatnya.<br />Hubungi SMA 1 Bekasi di Email. <span style=\"color: #ff0000;\">dankrez48@gmail.com</span>.&nbsp;</p>', '2015-07-05', '', 'admin', 0, '16:34:58', 'Minggu', 3, 2),
(11, 'Ruang Audio Visual', 'ruang-audio-visual', '<p style=\"text-align: center;\">&nbsp;</p>\r\n<p style=\"text-align: center;\">&nbsp;</p>\r\n<p style=\"text-align: center;\">&nbsp;</p>\r\n<p style=\"text-align: center;\">Mohon Maaf, Informasi belum di publish/diterbitkan.<br />Informasi pada halaman ini sedang dalam proses dan akan diterbitkan secepatnya.<br />Hubungi SMA 1 Bekasi di Email. <span style=\"color: #ff0000;\">dankrez48@gmail.com</span>.&nbsp;</p>', '2015-07-05', '', 'admin', 0, '16:35:15', 'Minggu', 4, 2),
(12, 'Laboratorium', 'laboratorium', '<p style=\"text-align: center;\">&nbsp;</p>\r\n<p style=\"text-align: center;\">&nbsp;</p>\r\n<p style=\"text-align: center;\">&nbsp;</p>\r\n<p style=\"text-align: center;\">Mohon Maaf, Informasi belum di publish/diterbitkan.<br />Informasi pada halaman ini sedang dalam proses dan akan diterbitkan secepatnya.<br />Hubungi SMA 1 Bekasi di Email. <span style=\"color: #ff0000;\">dankrez48@gmail.com</span>.&nbsp;</p>', '2015-07-05', '', 'admin', 0, '16:35:33', 'Minggu', 5, 2),
(13, 'Perpustakaan', 'perpustakaan', '<p style=\"text-align: center;\">&nbsp;</p>\r\n<p style=\"text-align: center;\">&nbsp;</p>\r\n<p style=\"text-align: center;\">&nbsp;</p>\r\n<p style=\"text-align: center;\">Mohon Maaf, Informasi belum di publish/diterbitkan.<br />Informasi pada halaman ini sedang dalam proses dan akan diterbitkan secepatnya.<br />Hubungi SMA 1 Bekasi di Email. <span style=\"color: #ff0000;\">dankrez48@gmail.com</span>.&nbsp;</p>', '2015-07-05', '', 'admin', 0, '16:35:49', 'Minggu', 6, 2),
(14, 'Ruang UKS', 'ruang-uks', '<p style=\"text-align: center;\">&nbsp;</p>\r\n<p style=\"text-align: center;\">&nbsp;</p>\r\n<p style=\"text-align: center;\">&nbsp;</p>\r\n<p style=\"text-align: center;\">Mohon Maaf, Informasi belum di publish/diterbitkan.<br />Informasi pada halaman ini sedang dalam proses dan akan diterbitkan secepatnya.<br />Hubungi SMA 1 Bekasi di Email. <span style=\"color: #ff0000;\">dankrez48@gmail.com</span>.&nbsp;</p>', '2015-07-05', '', 'admin', 0, '16:36:15', 'Minggu', 7, 2),
(15, 'Ruang Osis', 'ruang-osis', '<p style=\"text-align: center;\">&nbsp;</p>\r\n<p style=\"text-align: center;\">&nbsp;</p>\r\n<p style=\"text-align: center;\">&nbsp;</p>\r\n<p style=\"text-align: center;\">Mohon Maaf, Informasi belum di publish/diterbitkan.<br />Informasi pada halaman ini sedang dalam proses dan akan diterbitkan secepatnya.<br />Hubungi SMA 1 Bekasi di Email. <span style=\"color: #ff0000;\">dankrez48@gmail.com</span>.&nbsp;</p>', '2015-07-05', '', 'admin', 0, '16:36:28', 'Minggu', 8, 2),
(16, 'Ruang Piket', 'ruang-piket', '<p style=\"text-align: center;\">&nbsp;</p>\r\n<p style=\"text-align: center;\">&nbsp;</p>\r\n<p style=\"text-align: center;\">&nbsp;</p>\r\n<p style=\"text-align: center;\">Mohon Maaf, Informasi belum di publish/diterbitkan.<br />Informasi pada halaman ini sedang dalam proses dan akan diterbitkan secepatnya.<br />Hubungi SMA 1 Bekasi di Email. <span style=\"color: #ff0000;\">dankrez48@gmail.com</span>.&nbsp;</p>', '2015-07-05', '', 'admin', 0, '16:36:51', 'Minggu', 9, 2),
(17, 'Ruang Radio Sekolah', 'ruang-radio-sekolah', '<p style=\"text-align:center\">&nbsp;</p>\r\n\r\n<p style=\"text-align:center\">&nbsp;</p>\r\n\r\n<p style=\"text-align:center\">&nbsp;</p>\r\n\r\n<p style=\"text-align:center\">Mohon Maaf, Informasi belum di publish/diterbitkan.<br />\r\nInformasi pada halaman ini sedang dalam proses dan akan diterbitkan secepatnya.<br />\r\nHubungi SMA 1 Bekasi di Email. <span style=\"color:#ff0000\">dankrez48@gmail.com</span>.&nbsp;</p>\r\n', '2015-07-05', '', 'admin', 1, '16:37:09', 'Minggu', 10, 2),
(18, 'Sambutan Kepala Sekolah SMAN 01 Tambun Selatan', 'sambutan-kepala-sekolah-sman-01-tambun-selatan', '<p>Assalamualaikum Warahmatullahi Wabarakaatuh.<br />\r\nSalam Sejahtera dan Selamat Datang di website SMAN 01 tambun Selatan.</p>\r\n\r\n<p>Selamat berjumpa di SMAN 01 Tambun Selatan melalui media website yang baru kembali diaktifkan. Semoga melalui media ini kebutuhan informasi dan layanan komunikasi dapat memenuhi harapan masyarakan dan pihak-pihak yang berkepentingan.&nbsp;</p>\r\n\r\n<p>Sebagai Nahkoda baru, secara naluriah berkeinginan untuk memberikan kontribusi terbaik melalui perbaikan dan penyempurnaan terhadap semua program dan layanan yang selama ini sudah dilakukan. Upaya tersebut dalam kerangka memenuhi harpaan masyarakat dan turut serta berperan dalam meningkatkan mutu pendidikan dan pembangunan nasional.&nbsp;</p>\r\n\r\n<p>Dalam sejarahnya yang panjang, SMAN 01 Bekasi&nbsp;telah memberikan layanan terbaik bagi masyarakat sehingga memperoleh kepercayaan dan dukungan sehingga keberhasilannya telah mengukir prestasi yang gemilang. Meski secara fisik terlihat kecil, tetapi secara non fisik memiliki semangat, keyakinan, dan keberhasilan yang besar. Menghhasilkan lulusan berprestasi hingga tingkat internasional. Oleh karenanya sangat pantas jika sekolah ini dijuluki small but smart.&nbsp;</p>\r\n\r\n<p>Namun demikian beberapa bagian masih terbuka untuk dilakukan perbaikan dan penyempurnaan. Di antaranya meningkatakan layanan komunikasi dan informasi dengan mengaktifkan kembali website sekolah yang kini menjadi smantas.sch.id. Website ini diharapkan terus berkembang dan diperluas perannya hingga mendukung layanan pembelajaran, penilaian, dan partisipasi konstruktif masyarakat dalam memajukan pendidikan dan pembangunan nasional.</p>\r\n\r\n<p>Semoga peluncuran website yang bersamaan dengan peringatan Kebangkitan Nasional ke 108 ini dapat memenuhi memenuhi harpaan masyarakat dan pihak-pihak yang berkepentingan serta berkontribusi memajukan pendidikan dan pembangunan nasional.&nbsp;</p>\r\n', '2015-07-06', '', 'admin', 9, '09:12:16', 'Senin', 1, 0);

-- --------------------------------------------------------

--
-- Table structure for table `header`
--

CREATE TABLE `header` (
  `id_header` int(5) NOT NULL,
  `judul` varchar(100) COLLATE latin1_general_ci NOT NULL,
  `url` varchar(100) COLLATE latin1_general_ci NOT NULL,
  `gambar` varchar(100) COLLATE latin1_general_ci NOT NULL,
  `tgl_posting` date NOT NULL
) ENGINE=MyISAM DEFAULT CHARSET=latin1 COLLATE=latin1_general_ci;

--
-- Dumping data for table `header`
--

INSERT INTO `header` (`id_header`, `judul`, `url`, `gambar`, `tgl_posting`) VALUES
(31, 'Header3', '', 'header3.jpg', '2011-04-06'),
(32, 'Header2', '', 'header1.jpg', '2011-04-06'),
(33, 'Header1', '', 'header2.jpg', '2011-04-06');

-- --------------------------------------------------------

--
-- Table structure for table `hubungi`
--

CREATE TABLE `hubungi` (
  `id_hubungi` int(5) NOT NULL,
  `nama` varchar(50) COLLATE latin1_general_ci NOT NULL,
  `email` varchar(100) COLLATE latin1_general_ci NOT NULL,
  `subjek` varchar(100) COLLATE latin1_general_ci NOT NULL,
  `pesan` text COLLATE latin1_general_ci NOT NULL,
  `tanggal` date NOT NULL,
  `jam` time NOT NULL,
  `dibaca` enum('Y','N') COLLATE latin1_general_ci NOT NULL DEFAULT 'N'
) ENGINE=MyISAM DEFAULT CHARSET=latin1 COLLATE=latin1_general_ci;

--
-- Dumping data for table `hubungi`
--

INSERT INTO `hubungi` (`id_hubungi`, `nama`, `email`, `subjek`, `pesan`, `tanggal`, `jam`, `dibaca`) VALUES
(39, 'Wildan Agissa', 'dankrez48@gmail.com', '::1', 'Kami memiliki komitmen untuk memberikan layanan terbaik kepada Anda dan selalu berusaha untuk menyediakan produk dan layanan terbaik yang Anda butuhkan. Apabila untuk alasan tertentu Anda merasa tidak puas dengan pelayanan kami, Anda dapat menyampaikan kritik dan saran Anda kepada kami. Kami akan menidaklanjuti masukan yang Anda berikan dan bila perlu mengambil tindakan untuk mencegah masalah yang sama terulang kembali.', '2017-01-23', '21:56:12', 'Y'),
(35, 'yusri renor', 'aciafifah@gmail.com', 'pertanyaan', 'bagaimana cara mengunduh nomor ujian fak. pertanian', '2014-01-19', '00:00:00', 'Y'),
(36, 'Lusi Rahmawati', 'dankrez48@gmail.com', 'xvgxcvxc', 'gbvibviubuibiub', '2014-07-02', '00:00:00', 'Y'),
(38, 'Udin Sedunia', 'udin.sedunia@gmail.com', 'Ip Pengirim : 120.177.28.244', 'Silahkan menghubungi kami melalui private message melalui form yang berada pada bagian kanan halaman ini. Kritik dan saran Anda sangat penting bagi kami untuk terus meningkatkan kualitas produk dan layanan yang kami berikan kepada Anda.', '2015-06-02', '00:00:00', 'Y'),
(40, 'Wildan Agissa', 'dankrez48@gmail.com', '::1', 'Kami memiliki komitmen untuk memberikan layanan terbaik kepada Anda dan selalu berusaha untuk menyediakan produk dan layanan terbaik yang Anda butuhkan. Apabila untuk alasan tertentu Anda merasa tidak puas dengan pelayanan kami, Anda dapat menyampaikan kritik dan saran Anda kepada kami. Kami akan menidaklanjuti masukan yang Anda berikan dan bila perlu mengambil tindakan untuk mencegah masalah yang sama terulang kembali.', '2017-01-25', '09:54:45', 'Y');

-- --------------------------------------------------------

--
-- Table structure for table `identitas`
--

CREATE TABLE `identitas` (
  `id_identitas` int(5) NOT NULL,
  `nama_website` varchar(100) NOT NULL,
  `email` varchar(100) NOT NULL,
  `url` varchar(100) CHARACTER SET latin1 COLLATE latin1_general_ci NOT NULL,
  `facebook` text CHARACTER SET latin1 COLLATE latin1_general_ci NOT NULL,
  `rekening` varchar(100) NOT NULL,
  `no_telp` varchar(20) CHARACTER SET latin1 COLLATE latin1_general_ci NOT NULL,
  `meta_deskripsi` varchar(250) NOT NULL,
  `meta_keyword` varchar(250) NOT NULL,
  `favicon` varchar(50) NOT NULL,
  `maps` text NOT NULL
) ENGINE=MyISAM DEFAULT CHARSET=latin1;

--
-- Dumping data for table `identitas`
--

INSERT INTO `identitas` (`id_identitas`, `nama_website`, `email`, `url`, `facebook`, `rekening`, `no_telp`, `meta_deskripsi`, `meta_keyword`, `favicon`, `maps`) VALUES
(1, 'Selamat Datang di SMAN 1 TAMBUN SELATAN', 'dankrez48@gmail.com', 'http://localhost/sekolah_ci', 'https://www.facebook.com/dankrez, https://twitter.com/dankrez48, https://plus.google.com/110715315782423039586, https://id.linkedin.com/', '9000019999805', '085716129917', 'website sekolah SMAN 1 Tambun Selatan', 'sekolah, sman 1 tambun selatan, smantas, bekasi, pendidikan, sekolah menengah atas', 'logo.png', 'https://www.google.com/maps/embed?pb=!1m18!1m12!1m3!1d3965.940723593918!2d107.0640196140162!3d-6.271525695460675!2m3!1f0!2f0!3f0!3m2!1i1024!2i768!4f13.1!3m3!1m2!1s0x2e698fc8001a2965%3A0x40b27ffa49643b30!2sSman+1+Tambun+Selatan!5e0!3m2!1sen!2sid!4v1538780278738');

-- --------------------------------------------------------

--
-- Table structure for table `iklanatas`
--

CREATE TABLE `iklanatas` (
  `id_iklanatas` int(5) NOT NULL,
  `judul` varchar(100) COLLATE latin1_general_ci NOT NULL,
  `username` varchar(50) COLLATE latin1_general_ci NOT NULL,
  `url` varchar(100) COLLATE latin1_general_ci NOT NULL,
  `gambar` varchar(100) COLLATE latin1_general_ci NOT NULL,
  `tgl_posting` date NOT NULL
) ENGINE=MyISAM DEFAULT CHARSET=latin1 COLLATE=latin1_general_ci;

-- --------------------------------------------------------

--
-- Table structure for table `iklantengah`
--

CREATE TABLE `iklantengah` (
  `id_iklantengah` int(5) NOT NULL,
  `judul` varchar(100) COLLATE latin1_general_ci NOT NULL,
  `username` varchar(50) COLLATE latin1_general_ci NOT NULL,
  `url` varchar(100) COLLATE latin1_general_ci NOT NULL,
  `gambar` varchar(100) COLLATE latin1_general_ci NOT NULL,
  `tgl_posting` date NOT NULL
) ENGINE=MyISAM DEFAULT CHARSET=latin1 COLLATE=latin1_general_ci;

-- --------------------------------------------------------

--
-- Table structure for table `katajelek`
--

CREATE TABLE `katajelek` (
  `id_jelek` int(11) NOT NULL,
  `kata` varchar(60) COLLATE latin1_general_ci DEFAULT NULL,
  `username` varchar(50) COLLATE latin1_general_ci NOT NULL,
  `ganti` varchar(60) COLLATE latin1_general_ci DEFAULT NULL
) ENGINE=MyISAM DEFAULT CHARSET=latin1 COLLATE=latin1_general_ci;

--
-- Dumping data for table `katajelek`
--

INSERT INTO `katajelek` (`id_jelek`, `kata`, `username`, `ganti`) VALUES
(4, 'sex', '', 's**'),
(2, 'bajingan', '', 'b*******'),
(3, 'bangsat', '', 'b******'),
(5, 'fuck', 'admin', 'f**k'),
(6, 'pantat', 'admin', 'p****t');

-- --------------------------------------------------------

--
-- Table structure for table `kategori`
--

CREATE TABLE `kategori` (
  `id_kategori` int(5) NOT NULL,
  `nama_kategori` varchar(50) COLLATE latin1_general_ci NOT NULL,
  `username` varchar(50) COLLATE latin1_general_ci NOT NULL,
  `kategori_seo` varchar(100) COLLATE latin1_general_ci NOT NULL,
  `aktif` enum('Y','N') COLLATE latin1_general_ci NOT NULL DEFAULT 'Y',
  `sidebar` int(10) NOT NULL
) ENGINE=MyISAM DEFAULT CHARSET=latin1 COLLATE=latin1_general_ci;

--
-- Dumping data for table `kategori`
--

INSERT INTO `kategori` (`id_kategori`, `nama_kategori`, `username`, `kategori_seo`, `aktif`, `sidebar`) VALUES
(19, 'Teknologi', '', 'teknologi', 'Y', 2),
(2, 'Olahraga', '', 'olahraga', 'Y', 4),
(36, 'Komunitas', '', 'komunitas', 'N', 0),
(62, 'Sanggar Seni Celoteh', 'admin', 'sanggar-seni-celoteh', 'Y', 2),
(54, 'Tutorial', 'admin', 'tutorial', 'Y', 0),
(61, 'Prestasi', 'admin', 'prestasi', 'Y', 1);

-- --------------------------------------------------------

--
-- Table structure for table `komentar`
--

CREATE TABLE `komentar` (
  `id_komentar` int(5) NOT NULL,
  `id_berita` int(5) NOT NULL,
  `nama_komentar` varchar(100) COLLATE latin1_general_ci NOT NULL,
  `url` varchar(100) COLLATE latin1_general_ci NOT NULL,
  `isi_komentar` text COLLATE latin1_general_ci NOT NULL,
  `tgl` date NOT NULL,
  `jam_komentar` time NOT NULL,
  `aktif` enum('Y','N') COLLATE latin1_general_ci NOT NULL DEFAULT 'Y',
  `email` varchar(100) COLLATE latin1_general_ci NOT NULL
) ENGINE=MyISAM DEFAULT CHARSET=latin1 COLLATE=latin1_general_ci;

--
-- Dumping data for table `komentar`
--

INSERT INTO `komentar` (`id_komentar`, `id_berita`, `nama_komentar`, `url`, `isi_komentar`, `tgl`, `jam_komentar`, `aktif`, `email`) VALUES
(84, 650, 'Wildan Agissa', 'dankrez48@gmail.com', 'Nice  story, Roy suryo dan Susilo bambang yudhoyono memang cucak rowo. :)   ', '2012-01-05', '00:15:45', 'N', 'dankrez48@gmail.com'),
(88, 650, 'Udin Sedunia', 'www.belajarkonseling.com', ' hm...  kae.x  perlu  juga  ne  bantuan  dari  para  konselor...:)		   ', '2012-01-13', '20:09:07', 'Y', 'www.belajarkonseling.com'),
(90, 650, 'Rizal Faizal', 'www.rizal-online.co.cc', ' asyik  aja  dehh...   ', '2012-02-25', '15:01:40', 'Y', 'www.rizal-online.co.cc'),
(91, 645, 'Eka Praja W', 'komputerkampus.com', ' makin  parah  aja  nih  ...\r\nmudah2n  bisa  berbenah  negeri  ku  yg  q  banggakan   ', '2012-03-08', '20:06:07', 'Y', 'komputerkampus.com'),
(137, 650, 'Lukmanul Hakim', '', ' saya  yakin  PHP  juga  bisa  bertahan  sampai  2030   ', '2013-01-19', '18:56:25', 'Y', 'lukmanul.haskim@gmai;.com'),
(146, 645, 'Tommy Utama', 'tommy.utama@gmail.com', ' Calon  hakim  agung  Muhammad  Daming  Sanusi  menyatakan,  hukuman  mati  tidak  layak  diberlakukan  bagi  pelaku  pemerkosaan.   ', '2014-07-21', '21:03:04', 'Y', 'tommy.utama@gmail.com'),
(147, 655, 'Wildan Agissa', 'dankrez48@gmail.com', 'Mudah-mudahan  windows  8.2  tampilannya  lebih  keren  lagi  dari  windows  8.1 sebelumnya  yang  kurang  enak  di gunakan.  heheheee   ', '2014-07-22', '08:33:04', 'Y', 'dankrez48@gmail.com'),
(144, 650, 'Tommy Utama', 'tommy.utama@gmail.com', 'Pengamat  politik  dari  Charta  Politika,  Yunarto  Wijaya  mempertanyakan  dasar  keputusan  SBY  menunjuk  Roy  Suryo  sebagai  Menpora.   ', '2014-07-21', '20:59:16', 'Y', 'tommy.utama@gmail.com'),
(143, 650, 'Udin Sedunia', 'udin.sedunia@gmail.com', 'Menurut  Yunarto,  Roy  selama  ini  lebih  dikenal  sebagai  pakar  foto  digital  dan  video  serta  dosen  di  sebuah  perguruan  tinggi  negeri.   ', '2014-07-21', '20:57:52', 'Y', 'udin.sedunia@gmail.com'),
(148, 662, 'Wildan Agissa', 'dankrez48@gmail.com', 'pantat negara yahudi yang sangat perlu untuk dihancurkan /  musnahkan  dan  bantai  seluruh  warga israel..!!!   ', '2014-07-24', '09:29:20', 'Y', 'dankrez48@gmail.com'),
(149, 662, 'Edo Ikfianda', 'edomuhammad90@gmail.com', 'Setelah membentuk Timnas, PSSI versi KLB pimpinan La Nyalla Mahmud Matalitti menunjuk Alfred Riedl sebagai pelatihnya.', '2014-08-09', '17:34:35', 'Y', 'edomuhammad90@gmail.com'),
(152, 650, 'Dewi Safitriir', 'dewi_safitri@gmail.com', 'Peremimpin  tertinggi  Iran,  Ayatollah  Ali  Khamenei  menyampaikan  pernyataan  kontroversial  terkait  ketegangan  di  Gaza.Israele.   ', '2014-08-17', '17:46:28', 'N', 'dewi_safitri@gmail.com'),
(153, 662, 'Wildan Agissa', 'ww.phpmu.com', 'Anda penyuka Transformer? Tentu hal yang paling menarik saat menonton film Transformer salah satunya adalah saat adegan transformasi yang begitu keren dari sebuah mobil atau truk menjadi robot yang gagah.\r\n\r\nAnda penyuka Transformer? Tentu hal yang paling menarik saat menonton film Transformer salah satunya adalah saat adegan transformasi yang begitu keren dari sebuah mobil atau truk menjadi robot yang gagah.', '2015-03-25', '06:10:12', 'Y', 'dankrez48@gmail.com'),
(154, 642, 'Tommy Utama', 'tommyutama.com', ' Para  pengunjuk  rasa  membawa  bendera-bendera  Palestina  dan  foro-foto  pemimpin  tertinggi  Iran,  Ayatollah  Ali  Khamenei.   ', '2016-11-24', '10:24:15', 'Y', 'tommy.utama@gmail.com');

-- --------------------------------------------------------

--
-- Table structure for table `komentarvid`
--

CREATE TABLE `komentarvid` (
  `id_komentar` int(5) NOT NULL,
  `id_video` int(5) NOT NULL,
  `nama_komentar` varchar(100) COLLATE latin1_general_ci NOT NULL,
  `url` varchar(100) COLLATE latin1_general_ci NOT NULL,
  `isi_komentar` text COLLATE latin1_general_ci NOT NULL,
  `tgl` date NOT NULL,
  `jam_komentar` time NOT NULL,
  `aktif` enum('Y','N') COLLATE latin1_general_ci NOT NULL DEFAULT 'Y'
) ENGINE=MyISAM DEFAULT CHARSET=latin1 COLLATE=latin1_general_ci;

--
-- Dumping data for table `komentarvid`
--

INSERT INTO `komentarvid` (`id_komentar`, `id_video`, `nama_komentar`, `url`, `isi_komentar`, `tgl`, `jam_komentar`, `aktif`) VALUES
(107, 160, 'Prabowo Subianto', 'Prabowo@gmail.com', ' Your  email  address  will  not  be  published.  Required  fields  are  marked', '2014-07-21', '13:29:29', 'N'),
(108, 163, 'Wildan Agissa', 'dankrez48@gmail.com', ' Kita  memang  harus  selamatkan  hutan  indonesia,  walau  apapun  yang  terjadi.   ', '2014-07-21', '13:31:10', 'Y'),
(109, 160, 'Wildan Agissa', 'dankrez48@gmail.com', ' Swarakalibata  V.3 sekarang  hadir  dengan  tampilan  baru  yang  pastinya  sudah  jauh  lebih  maju  dari  versi  sebelumnya.', '2014-07-21', '21:09:31', 'Y'),
(112, 166, 'Wildan Agissa', 'dankrez48@gmail.com', 'Exclusive Di IDAFF Acedemy - &quot;Social Blogging Mastery 2&quot; - Workshop 2 Hari Yang Akan Merubah Hidup Anda Di Tahun 2017. Di Bongkar Oleh Ahlinya Cara Paling Mudah Memiliki Penghasillan Sampingan Lewat Internet Hingga Jutaan Rupiah Setiap Bulannya.', '2017-01-25', '09:40:01', 'Y'),
(113, 166, 'Dewiit Safitri', 'dewiit.safitri@gmail.com', 'Pemimpin tertinggi Iran, Ayatollah Ali Khamenei menyampaikan pernyataan kontroversial terkait ketegangan di Gaza. Khamenei mendorong agar Palestina terus melawan Israel. &quot;Salah satu cara untuk menghentikan rezim kurang ajar ini adalah melanjutkan perlawanan dan dan perjuangan bersenjata harus diperluas ke Tepi Barat,&quot; sebut Khamenei, seperti dikutip dari IRNA.', '2017-01-25', '09:40:55', 'Y');

-- --------------------------------------------------------

--
-- Table structure for table `link_terkait`
--

CREATE TABLE `link_terkait` (
  `id_link` int(5) NOT NULL,
  `judul` varchar(150) NOT NULL,
  `singkatan` varchar(20) NOT NULL,
  `url` varchar(255) NOT NULL,
  `tanggal` datetime NOT NULL
) ENGINE=MyISAM DEFAULT CHARSET=latin1;

--
-- Dumping data for table `link_terkait`
--

INSERT INTO `link_terkait` (`id_link`, `judul`, `singkatan`, `url`, `tanggal`) VALUES
(1, 'Institut Teknologi Bandung', 'ITB', 'http://www.itb.ac.id/', '2015-07-05 00:00:00'),
(2, 'Universitas Airlangga', 'UA', 'http://www.unair.ac.id/', '2015-07-05 00:00:00'),
(3, 'Universitas Sumatera Utara', 'USU', 'http://www.usu.ac.id/', '2015-07-05 00:00:00'),
(4, 'Universitas Udayana', 'UU', 'http://www.unud.ac.id/', '2015-07-05 00:00:00'),
(5, 'Universitas Dipenogoro', 'UD', 'http://www.undip.ac.id/', '2015-07-05 00:00:00'),
(6, 'Universitas Hasanuddin', 'UH', 'http://www.unhas.ac.id/', '2015-07-05 00:00:00'),
(7, 'Universitas Lampung', 'UL', 'http://www.unila.ac.id/', '2015-07-05 00:00:00'),
(8, 'Universitas Brawijaya', 'UB', 'http://www.brawijaya.ac.id/', '2015-07-05 00:00:00'),
(9, 'Universitas Gajah Mada', 'UGM', 'http://www.ugm.ac.id/', '2015-07-05 00:00:00'),
(10, 'Universitas Indonesia', 'UI', 'http://www.ui.ac.id/', '2015-07-05 00:00:00');

-- --------------------------------------------------------

--
-- Table structure for table `logo`
--

CREATE TABLE `logo` (
  `id_logo` int(5) NOT NULL,
  `gambar` varchar(100) COLLATE latin1_general_ci NOT NULL
) ENGINE=MyISAM DEFAULT CHARSET=latin1 COLLATE=latin1_general_ci;

--
-- Dumping data for table `logo`
--

INSERT INTO `logo` (`id_logo`, `gambar`) VALUES
(15, 'banner1.jpg');

-- --------------------------------------------------------

--
-- Table structure for table `menu`
--

CREATE TABLE `menu` (
  `id_menu` int(5) NOT NULL,
  `id_parent` int(5) NOT NULL DEFAULT '0',
  `nama_menu` varchar(30) NOT NULL,
  `link` varchar(100) NOT NULL,
  `aktif` enum('Ya','Tidak') NOT NULL DEFAULT 'Ya',
  `position` enum('Top','Bottom') DEFAULT 'Bottom',
  `urutan` int(3) NOT NULL
) ENGINE=MyISAM DEFAULT CHARSET=latin1;

--
-- Dumping data for table `menu`
--

INSERT INTO `menu` (`id_menu`, `id_parent`, `nama_menu`, `link`, `aktif`, `position`, `urutan`) VALUES
(8, 0, 'Informasi', '#', 'Ya', 'Bottom', 2),
(7, 0, 'Home', 'main', 'Ya', 'Bottom', 1),
(132, 131, 'Paskibra', '', 'Ya', 'Bottom', 1),
(14, 8, 'Teknologi', 'kategori/detail/teknologi', 'Ya', 'Bottom', 5),
(18, 133, 'Koleksi Video', 'playlist', 'Ya', 'Bottom', 1),
(19, 133, 'Album Foto', 'albums', 'Ya', 'Bottom', 0),
(21, 0, 'Dunia Islam', 'kategori/detail/dunia-islam', 'Tidak', 'Bottom', 11),
(131, 0, 'Ekstrakulikuler', '', 'Ya', 'Bottom', 3),
(113, 0, 'Tentang Kami', 'halaman/detail/tentang-kami-tunggul-news', 'Ya', 'Top', 2),
(115, 0, 'Alamat Kami', 'halaman/detail/alamat-perusahaan', 'Ya', 'Top', 3),
(116, 0, 'Hubungi Kami', 'hubungi', 'Ya', 'Bottom', 14),
(117, 0, 'E-Learning', 'download', 'Ya', 'Bottom', 8),
(118, 0, 'Agenda', 'agenda', 'Ya', 'Bottom', 9),
(119, 0, 'Index Berita', 'berita/indeks_berita', 'Ya', 'Top', 1),
(133, 0, 'Galeri', '', 'Ya', 'Bottom', 4),
(121, 0, 'Konsultasi', 'konsultasi', 'Ya', 'Bottom', 11),
(130, 8, 'Prestasi Siswa', 'kategori/detail/prestasi', 'Ya', 'Bottom', 1),
(129, 0, 'Data Alumni', 'alumni', 'Ya', 'Bottom', 10);

-- --------------------------------------------------------

--
-- Table structure for table `modul`
--

CREATE TABLE `modul` (
  `id_modul` int(5) NOT NULL,
  `nama_modul` varchar(50) CHARACTER SET latin1 COLLATE latin1_general_ci NOT NULL,
  `username` varchar(50) CHARACTER SET latin1 COLLATE latin1_general_ci NOT NULL,
  `link` varchar(100) CHARACTER SET latin1 COLLATE latin1_general_ci NOT NULL,
  `static_content` text CHARACTER SET latin1 COLLATE latin1_general_ci NOT NULL,
  `gambar` varchar(100) CHARACTER SET latin1 COLLATE latin1_general_ci NOT NULL,
  `publish` enum('Y','N') CHARACTER SET latin1 COLLATE latin1_general_ci NOT NULL DEFAULT 'Y',
  `status` enum('user','admin') CHARACTER SET latin1 COLLATE latin1_general_ci NOT NULL,
  `aktif` enum('Y','N') CHARACTER SET latin1 COLLATE latin1_general_ci NOT NULL DEFAULT 'Y',
  `urutan` int(5) NOT NULL,
  `link_seo` varchar(50) CHARACTER SET latin1 COLLATE latin1_general_ci NOT NULL
) ENGINE=MyISAM DEFAULT CHARSET=latin1;

--
-- Dumping data for table `modul`
--

INSERT INTO `modul` (`id_modul`, `nama_modul`, `username`, `link`, `static_content`, `gambar`, `publish`, `status`, `aktif`, `urutan`, `link_seo`) VALUES
(2, 'Manajemen User', 'admin', 'manajemenuser', '', '', 'Y', 'user', 'Y', 0, ''),
(18, 'Berita', 'admin', 'listberita', '', '', 'Y', 'user', 'Y', 0, ''),
(71, 'Background Website', 'admin', 'background', '', '', 'N', 'admin', 'N', 0, ''),
(10, 'Manajemen Modul', 'admin', 'manajemenmodul', '', '', 'Y', 'user', 'Y', 0, ''),
(31, 'Kategori Berita ', 'admin', 'kategorikategori', '', '', 'Y', 'user', 'Y', 0, ''),
(33, 'Jajak Pendapat', 'admin', 'jajakpendapat', '', '', 'Y', 'user', 'Y', 0, ''),
(34, 'Tag Berita', 'admin', 'tagberita', '', '', 'Y', 'user', 'Y', 0, ''),
(35, 'Komentar Berita', 'admin', 'komentarberita', '', '', 'Y', 'user', 'Y', 0, ''),
(41, 'Agenda', 'admin', 'agenda', '', '', 'Y', 'user', 'Y', 0, ''),
(43, 'Berita Foto', 'admin', 'album', '', '', 'Y', 'user', 'Y', 0, ''),
(44, 'Galeri Berita Foto', 'admin', 'gallery', '', '', 'Y', 'user', 'Y', 0, ''),
(45, 'Template Website', 'admin', 'templatewebsite', '', '', 'Y', 'user', 'Y', 0, ''),
(46, 'Sensor Kata', 'admin', 'sensorkomentar', '', '', 'Y', 'user', 'Y', 0, ''),
(61, 'Identitas Website', 'admin', 'identitaswebsite', '', '', 'Y', 'user', 'Y', 0, ''),
(57, 'Menu Website', 'admin', 'menuwebsite', '', '', 'Y', 'user', 'Y', 0, ''),
(59, 'Halaman Baru', 'admin', 'halamanbaru', '', '', 'Y', 'user', 'Y', 0, ''),
(62, 'Video', 'admin', 'video', '', '', 'Y', 'user', 'Y', 0, ''),
(63, 'Playlist Video', 'admin', 'playlist', '', '', 'Y', 'user', 'Y', 0, ''),
(64, 'Tag Video', 'admin', 'tagvideo', '', '', 'Y', 'user', 'Y', 0, ''),
(65, 'Komentar Video', 'admin', 'komentarvideo', '', '', 'Y', 'user', 'Y', 0, ''),
(66, 'Logo Website', 'admin', 'logowebsite', '', '', 'Y', 'user', 'Y', 0, ''),
(67, 'Iklan Sidebar', 'admin', 'iklansidebar', '', '', 'N', 'admin', 'N', 0, ''),
(68, 'Iklan Home', 'admin', 'iklanhome', '', '', 'N', 'admin', 'N', 0, ''),
(69, 'Iklan Atas', 'admin', 'iklanatas', '', '', 'N', 'admin', 'N', 0, ''),
(70, 'Pesan Masuk', 'admin', 'pesanmasuk', '', '', 'Y', 'user', 'Y', 0, ''),
(72, 'Sekilas Info', 'admin', 'sekilasinfo', '', '', 'N', 'admin', 'N', 0, ''),
(73, 'Yahoo Messanger', 'admin', 'ym', '', '', 'N', 'admin', 'N', 0, ''),
(74, 'Download Area', 'admin', 'download', '', '', 'Y', 'admin', 'Y', 0, ''),
(75, 'Alamat Kontak', 'admin', 'alamat', '', '', 'Y', 'admin', 'Y', 0, '');

-- --------------------------------------------------------

--
-- Table structure for table `mod_alamat`
--

CREATE TABLE `mod_alamat` (
  `id_alamat` int(5) NOT NULL,
  `alamat` text CHARACTER SET latin1 COLLATE latin1_general_ci NOT NULL
) ENGINE=MyISAM DEFAULT CHARSET=latin1;

--
-- Dumping data for table `mod_alamat`
--

INSERT INTO `mod_alamat` (`id_alamat`, `alamat`) VALUES
(1, '<h2><span style=\"color:#000000\">Mengapa menghubungi kami ?</span></h2>\r\n\r\n<p>Kami memiliki komitmen untuk memberikan layanan terbaik kepada Anda dan selalu berusaha untuk menyediakan produk dan layanan terbaik yang Anda butuhkan. Apabila untuk alasan tertentu Anda merasa tidak puas dengan pelayanan kami, Anda dapat menyampaikan kritik dan saran Anda kepada kami. Kami akan menidaklanjuti masukan yang Anda berikan dan bila perlu mengambil tindakan untuk mencegah masalah yang sama terulang kembali.</p>\r\n\r\n<h2>Hubungi kami segera ?</h2>\r\n\r\n<p>Silahkan menghubungi kami melalui private message melalui form yang berada pada bagian kanan halaman ini. Kritik dan saran Anda sangat penting bagi kami untuk terus meningkatkan kualitas produk dan layanan yang kami berikan kepada Anda.</p>\r\n');

-- --------------------------------------------------------

--
-- Table structure for table `mod_ym`
--

CREATE TABLE `mod_ym` (
  `id` int(11) NOT NULL,
  `nama` varchar(255) COLLATE latin1_general_ci NOT NULL,
  `username` varchar(50) COLLATE latin1_general_ci NOT NULL,
  `ym_icon` int(3) NOT NULL
) ENGINE=MyISAM DEFAULT CHARSET=latin1 COLLATE=latin1_general_ci;

-- --------------------------------------------------------

--
-- Table structure for table `pasangiklan`
--

CREATE TABLE `pasangiklan` (
  `id_pasangiklan` int(5) NOT NULL,
  `judul` varchar(100) COLLATE latin1_general_ci NOT NULL,
  `username` varchar(50) COLLATE latin1_general_ci NOT NULL,
  `url` varchar(100) COLLATE latin1_general_ci NOT NULL,
  `gambar` varchar(100) COLLATE latin1_general_ci NOT NULL,
  `tgl_posting` date NOT NULL
) ENGINE=MyISAM DEFAULT CHARSET=latin1 COLLATE=latin1_general_ci;

--
-- Dumping data for table `pasangiklan`
--

INSERT INTO `pasangiklan` (`id_pasangiklan`, `judul`, `username`, `url`, `gambar`, `tgl_posting`) VALUES
(1, 'Iklan Sidebar Kiri', 'admin', 'http://phpmu.com', '228912sidebar.swf', '2014-06-22'),
(2, 'Iklan Sidebar Kanan', 'admin', 'http://phpmu.com', '936920sidebar.swf', '2014-06-22');

-- --------------------------------------------------------

--
-- Table structure for table `pengumuman`
--

CREATE TABLE `pengumuman` (
  `id_pengumuman` int(5) NOT NULL,
  `judul` varchar(255) NOT NULL,
  `keterangan` text NOT NULL,
  `file_download` varchar(255) NOT NULL,
  `username` varchar(50) NOT NULL,
  `tanggal` datetime NOT NULL
) ENGINE=MyISAM DEFAULT CHARSET=latin1;

--
-- Dumping data for table `pengumuman`
--

INSERT INTO `pengumuman` (`id_pengumuman`, `judul`, `keterangan`, `file_download`, `username`, `tanggal`) VALUES
(1, 'Pengumuman Edaran Kelulusan Peserta Didik SMAN 01 Padang', 'SK Kelulusan Peserta Didik SMAN 12 Jakarta TP : 2014 / 2015', 'Contoh File Download 12.txt', 'admin', '2015-07-08 00:00:00'),
(2, 'Penerimaan Peserta Didik Baru (PPDB) Tahun 2015', 'SMAN 12 Jakarta menerima peserta didik baru tahun 2015 sesuai dengan Pergub No. 133 tahun 2015 Informasi lengkap Jadwal PPDB bisa datang ke sekolah atau mengunjungi website', 'Contoh File Download 13.txt', 'admin', '2015-07-08 00:00:00'),
(3, 'Pengumuman Libur Lebaran Tahun 2015 / 1436 H', 'Diberitahukan Kepada Seluruh Siswa, Bahwa Libur Lebaran Di mulai Pada Tanggal 12 Juli 2015, Tolong Infokan Kepada Teman-teman yang lain, Terima kasih..', '', '', '2015-07-08 07:13:40');

-- --------------------------------------------------------

--
-- Table structure for table `playlist`
--

CREATE TABLE `playlist` (
  `id_playlist` int(5) NOT NULL,
  `jdl_playlist` varchar(100) COLLATE latin1_general_ci NOT NULL,
  `username` varchar(50) COLLATE latin1_general_ci NOT NULL,
  `playlist_seo` varchar(100) COLLATE latin1_general_ci NOT NULL,
  `gbr_playlist` varchar(100) COLLATE latin1_general_ci NOT NULL,
  `aktif` enum('Y','N') COLLATE latin1_general_ci NOT NULL DEFAULT 'Y'
) ENGINE=MyISAM DEFAULT CHARSET=latin1 COLLATE=latin1_general_ci;

--
-- Dumping data for table `playlist`
--

INSERT INTO `playlist` (`id_playlist`, `jdl_playlist`, `username`, `playlist_seo`, `gbr_playlist`, `aktif`) VALUES
(56, 'Kantor Baru Swarakalibata', 'admin', 'office', '284775wisata.jpg', 'Y'),
(57, 'Keluarga Besar Swarakalibata', 'admin', 'family', '181304Desert.jpg', 'Y');

-- --------------------------------------------------------

--
-- Table structure for table `poling`
--

CREATE TABLE `poling` (
  `id_poling` int(5) NOT NULL,
  `pilihan` varchar(100) COLLATE latin1_general_ci NOT NULL,
  `status` varchar(20) COLLATE latin1_general_ci NOT NULL,
  `username` varchar(50) COLLATE latin1_general_ci NOT NULL,
  `rating` int(5) NOT NULL DEFAULT '0',
  `aktif` enum('Y','N') COLLATE latin1_general_ci NOT NULL
) ENGINE=MyISAM DEFAULT CHARSET=latin1 COLLATE=latin1_general_ci;

--
-- Dumping data for table `poling`
--

INSERT INTO `poling` (`id_poling`, `pilihan`, `status`, `username`, `rating`, `aktif`) VALUES
(18, 'Siapakah Calon Walikota dan Wakil Walikota Padang Favorit Anda?', 'Pertanyaan', 'admin', 0, 'Y'),
(25, 'Mahyeldi Ansyarullah - Emzalmi', 'Jawaban', 'admin', 25, 'Y'),
(31, 'Wildan Agissa - Dewi Safitri', 'Jawaban', 'admin', 1, 'Y'),
(32, 'Tommy Utama - Laura Hikmah', 'Jawaban', 'admin', 3, 'Y'),
(33, 'Willy Fernando - Vicky Armita', 'Jawaban', 'admin', 9, 'Y'),
(35, 'Laura Himah i Nisaa - Safaruddin', 'Jawaban', 'admin', 5, 'Y');

-- --------------------------------------------------------

--
-- Table structure for table `sekilasinfo`
--

CREATE TABLE `sekilasinfo` (
  `id_sekilas` int(5) NOT NULL,
  `info` varchar(100) COLLATE latin1_general_ci NOT NULL,
  `tgl_posting` date NOT NULL,
  `gambar` varchar(100) COLLATE latin1_general_ci NOT NULL,
  `aktif` enum('Y','N') COLLATE latin1_general_ci NOT NULL DEFAULT 'Y'
) ENGINE=MyISAM DEFAULT CHARSET=latin1 COLLATE=latin1_general_ci;

--
-- Dumping data for table `sekilasinfo`
--

INSERT INTO `sekilasinfo` (`id_sekilas`, `info`, `tgl_posting`, `gambar`, `aktif`) VALUES
(1, 'Anak yang mengalami gangguan tidur, cenderung memakai obat2an dan alkohol berlebih saat dewasa.', '2015-04-11', '', 'Y'),
(2, 'WHO merilis, 30 persen anak di dunia kecanduan komputer dan menonton televisi.', '2015-03-16', '', 'Y'),
(3, 'Menurut peneliti di Detroit, orang yang selalu tersenyum lebar cenderung hidup lama.', '2015-04-17', '', 'Y'),
(4, 'Menurut United Stated Trade Representatives, 25% obat yang beredar di adalah palsu.', '2015-04-17', '', 'Y'),
(12, 'WHO merilis, 30 persen anak-anak di dunia kecanduan menonton televisi dan bermain komputer.', '2017-10-26', '', 'Y');

-- --------------------------------------------------------

--
-- Table structure for table `statistik`
--

CREATE TABLE `statistik` (
  `ip` varchar(20) NOT NULL DEFAULT '',
  `tanggal` date NOT NULL,
  `hits` int(10) NOT NULL DEFAULT '1',
  `online` varchar(255) NOT NULL
) ENGINE=MyISAM DEFAULT CHARSET=latin1;

--
-- Dumping data for table `statistik`
--

INSERT INTO `statistik` (`ip`, `tanggal`, `hits`, `online`) VALUES
('223.255.231.148', '2014-05-06', 1, '1399357334'),
('223.255.231.147', '2014-05-15', 3, '1400119147'),
('223.255.224.73', '2014-05-15', 12, '1400123797'),
('223.255.224.69', '2014-05-16', 2, '1400215103'),
('118.96.51.231', '2014-05-16', 19, '1400233044'),
('223.255.231.146', '2014-05-16', 2, '1400228049'),
('::1', '2014-06-20', 2, '1403230579'),
('::1', '2014-06-22', 8, '1403436591'),
('223.255.231.154', '2014-06-26', 1, '1403739948'),
('223.255.231.148', '2014-06-26', 6, '1403745715'),
('223.255.224.74', '2014-06-26', 1, '1403748060'),
('223.255.224.69', '2014-06-26', 1, '1403753239'),
('223.255.224.77', '2014-06-29', 1, '1404039342'),
('::1', '2014-07-02', 6, '1404277263'),
('127.0.0.1', '2014-07-17', 2, '1405582494'),
('127.0.0.1', '2014-07-21', 1, '1405929828'),
('36.76.60.43', '2014-07-21', 1, '1405951864'),
('223.255.231.154', '2014-07-21', 2, '1405957200'),
('223.255.227.21', '2014-07-22', 1, '1405995171'),
('223.255.231.146', '2014-07-22', 1, '1405997152'),
('223.255.227.21', '2014-07-23', 1, '1406100212'),
('223.255.227.17', '2014-07-23', 1, '1406104552'),
('223.255.227.23', '2014-07-24', 1, '1406168095'),
('223.255.231.153', '2014-07-24', 1, '1406204439'),
('223.255.231.146', '2014-07-25', 1, '1406268985'),
('180.76.5.193', '2014-08-06', 1, '1407302738'),
('180.76.5.23', '2014-08-06', 1, '1407304739'),
('202.67.36.241', '2014-08-06', 1, '1407305643'),
('198.148.27.22', '2014-08-06', 1, '1407306703'),
('180.251.170.42', '2014-08-06', 7, '1407310167'),
('128.199.171.191', '2014-08-06', 3, '1407323435'),
('223.255.231.149', '2014-08-06', 2, '1407309879'),
('223.255.227.28', '2014-08-06', 8, '1407311801'),
('103.24.49.242', '2014-08-06', 1, '1407312326'),
('223.255.231.146', '2014-08-06', 1, '1407313297'),
('180.214.233.34', '2014-08-06', 1, '1407321063'),
('66.249.77.87', '2014-08-06', 1, '1407323509'),
('223.255.227.30', '2014-08-06', 1, '1407325862'),
('180.254.207.13', '2014-08-06', 5, '1407330687'),
('114.79.13.199', '2014-08-06', 1, '1407336900'),
('202.152.199.34', '2014-08-06', 7, '1407337100'),
('180.76.6.21', '2014-08-07', 1, '1407347753'),
('114.79.13.55', '2014-08-07', 3, '1407354277'),
('114.125.41.136', '2014-08-07', 1, '1407352625'),
('180.76.6.147', '2014-08-07', 1, '1407355344'),
('180.76.6.64', '2014-08-07', 1, '1407367237'),
('69.171.247.116', '2014-08-07', 1, '1407379834'),
('69.171.247.119', '2014-08-07', 1, '1407379834'),
('69.171.247.114', '2014-08-07', 1, '1407379834'),
('69.171.247.115', '2014-08-07', 1, '1407379834'),
('202.67.34.29', '2014-08-07', 2, '1407380415'),
('36.76.52.112', '2014-08-07', 1, '1407380496'),
('223.255.231.145', '2014-08-07', 5, '1407387045'),
('223.255.231.153', '2014-08-07', 2, '1407388883'),
('223.255.227.27', '2014-08-07', 1, '1407393087'),
('180.76.5.25', '2014-08-07', 1, '1407394749'),
('223.255.231.146', '2014-08-07', 1, '1407397183'),
('157.55.39.248', '2014-08-07', 1, '1407397231'),
('180.254.200.55', '2014-08-07', 2, '1407399466'),
('110.139.67.15', '2014-08-07', 8, '1407399221'),
('180.242.17.64', '2014-08-07', 11, '1407414373'),
('141.0.8.59', '2014-08-07', 1, '1407412384'),
('110.76.149.91', '2014-08-07', 1, '1407422367'),
('223.255.231.151', '2014-08-07', 3, '1407426943'),
('82.145.209.206', '2014-08-07', 1, '1407430369'),
('223.255.227.28', '2014-08-08', 3, '1407469589'),
('66.93.156.50', '2014-08-08', 1, '1407472340'),
('202.62.17.47', '2014-08-08', 1, '1407484393'),
('36.70.135.163', '2014-08-08', 6, '1407485987'),
('173.252.74.115', '2014-08-08', 1, '1407485153'),
('118.96.58.136', '2014-08-08', 2, '1407486347'),
('114.79.29.68', '2014-08-08', 1, '1407502537'),
('66.220.156.113', '2014-08-08', 1, '1407503375'),
('112.215.66.79', '2014-08-08', 1, '1407503381'),
('125.163.113.156', '2014-08-08', 9, '1407508824'),
('180.76.5.94', '2014-08-08', 1, '1407508624'),
('120.172.9.192', '2014-08-08', 1, '1407515634'),
('202.67.41.51', '2014-08-08', 1, '1407515702'),
('180.253.243.222', '2014-08-09', 1, '1407542724'),
('36.75.224.20', '2014-08-09', 1, '1407548005'),
('180.76.5.65', '2014-08-09', 1, '1407548865'),
('66.249.77.77', '2014-08-09', 2, '1407582711'),
('180.76.6.137', '2014-08-09', 1, '1407553037'),
('66.249.77.87', '2014-08-09', 1, '1407554836'),
('66.249.77.97', '2014-08-09', 2, '1407562640'),
('120.177.44.126', '2014-08-09', 2, '1407558625'),
('223.255.231.145', '2014-08-09', 3, '1407558663'),
('36.73.64.113', '2014-08-09', 1, '1407558640'),
('36.72.187.12', '2014-08-09', 1, '1407560351'),
('202.67.41.51', '2014-08-09', 1, '1407561096'),
('114.125.60.68', '2014-08-09', 4, '1407561514'),
('202.67.40.50', '2014-08-09', 1, '1407562007'),
('180.76.6.136', '2014-08-09', 1, '1407562581'),
('110.232.81.2', '2014-08-09', 5, '1407563275'),
('146.185.28.59', '2014-08-09', 1, '1407564768'),
('120.174.157.139', '2014-08-09', 1, '1407568139'),
('223.255.227.23', '2014-08-09', 2, '1407570163'),
('193.105.210.119', '2014-08-09', 1, '1407577518'),
('125.162.57.66', '2014-08-09', 2, '1407579822'),
('180.241.163.1', '2014-08-09', 8, '1407580493'),
('36.76.44.163', '2014-08-09', 6, '1407603574'),
('180.76.5.144', '2014-08-09', 1, '1407582757'),
('107.167.103.40', '2014-08-09', 1, '1407586189'),
('36.68.48.23', '2014-08-09', 1, '1407586974'),
('192.99.218.151', '2014-08-09', 4, '1407587574'),
('36.74.55.24', '2014-08-09', 3, '1407589161'),
('118.97.212.184', '2014-08-09', 8, '1407595169'),
('36.72.114.118', '2014-08-09', 2, '1407597684'),
('180.76.5.153', '2014-08-09', 1, '1407602870'),
('180.76.5.59', '2014-08-09', 1, '1407603153'),
('180.76.5.18', '2014-08-10', 1, '1407606581'),
('180.254.155.156', '2014-08-10', 2, '1407607003'),
('180.76.6.42', '2014-08-10', 1, '1407608363'),
('36.68.242.217', '2014-08-10', 5, '1407627100'),
('66.249.77.77', '2014-08-10', 2, '1407633623'),
('202.67.44.64', '2014-08-10', 1, '1407629598'),
('180.76.6.43', '2014-08-10', 1, '1407631270'),
('118.97.212.182', '2014-08-10', 4, '1407632228'),
('139.0.102.140', '2014-08-10', 1, '1407633944'),
('66.249.77.87', '2014-08-10', 1, '1407636902'),
('66.249.77.97', '2014-08-10', 1, '1407639983'),
('180.76.6.159', '2014-08-10', 1, '1407640798'),
('118.97.212.181', '2014-08-10', 3, '1407642556'),
('36.68.46.37', '2014-08-10', 2, '1407642940'),
('180.76.5.69', '2014-08-10', 1, '1407645158'),
('180.76.5.80', '2014-08-10', 1, '1407648268'),
('180.76.5.143', '2014-08-10', 1, '1407650068'),
('223.255.231.145', '2014-08-10', 1, '1407650216'),
('180.76.6.149', '2014-08-10', 1, '1407657020'),
('36.77.183.218', '2014-08-10', 2, '1407657119'),
('127.0.0.1', '2014-08-10', 2, '1407660057'),
('127.0.0.1', '2014-08-11', 2, '1407725194'),
('127.0.0.1', '2014-08-12', 1, '1407862185'),
('127.0.0.1', '2014-08-13', 1, '1407899819'),
('127.0.0.1', '2014-08-17', 44, '1408287630'),
('127.0.0.1', '2014-08-18', 253, '1408372590'),
('127.0.0.1', '2014-08-19', 4, '1408413702'),
('::1', '2014-08-19', 90, '1408433250'),
('::1', '2014-08-31', 1, '1409487043'),
('::1', '2015-03-11', 11, '1426061663'),
('::1', '2015-03-12', 1, '1426114982'),
('::1', '2015-03-15', 32, '1426430637'),
('::1', '2015-03-18', 137, '1426666506'),
('::1', '2015-03-19', 143, '1426751746'),
('::1', '2015-03-21', 198, '1426912294'),
('::1', '2015-03-22', 554, '1427039069'),
('127.0.0.1', '2015-03-22', 1, '1427030317'),
('::1', '2015-03-23', 275, '1427093113'),
('::1', '2015-03-24', 42, '1427179474'),
('::1', '2015-03-25', 45, '1427251499'),
('39.225.164.2', '2015-05-14', 7, '1431584409'),
('119.110.72.130', '2015-05-14', 30, '1431595368'),
('89.145.95.2', '2015-05-14', 1, '1431582645'),
('66.220.158.118', '2015-05-14', 1, '1431582842'),
('66.220.158.115', '2015-05-14', 1, '1431582852'),
('66.220.158.112', '2015-05-14', 3, '1431595371'),
('66.220.158.119', '2015-05-14', 1, '1431582942'),
('114.125.43.185', '2015-05-14', 5, '1431602132'),
('119.110.72.130', '2015-05-15', 1, '1431673658'),
('114.125.45.206', '2015-05-16', 18, '1431741581'),
('66.220.158.116', '2015-05-16', 1, '1431741049'),
('66.220.158.118', '2015-05-16', 1, '1431741224'),
('66.220.158.114', '2015-05-16', 1, '1431741233'),
('39.229.6.148', '2015-05-16', 11, '1431791037'),
('39.225.236.155', '2015-05-17', 8, '1431862096'),
('119.110.72.130', '2015-05-19', 6, '1432006569'),
('89.145.95.42', '2015-05-19', 2, '1432006661'),
('114.121.133.117', '2015-05-19', 3, '1432046663'),
('124.195.114.65', '2015-05-28', 16, '1432832381'),
('66.220.158.119', '2015-05-28', 1, '1432831000'),
('66.220.158.115', '2015-05-28', 1, '1432831013'),
('66.220.158.116', '2015-05-28', 1, '1432832385'),
('124.195.114.65', '2015-05-29', 77, '1432836214'),
('66.220.158.113', '2015-05-29', 1, '1432835961'),
('66.249.84.178', '2015-05-29', 1, '1432836220'),
('103.246.200.14', '2015-05-29', 1, '1432851867'),
('103.246.200.59', '2015-05-29', 1, '1432851916'),
('114.124.5.250', '2015-05-29', 6, '1432852876'),
('173.252.105.114', '2015-05-29', 1, '1432852770'),
('120.180.175.150', '2015-05-29', 36, '1432864082'),
('103.246.200.50', '2015-05-29', 1, '1432863615'),
('103.246.200.1', '2015-05-29', 1, '1432863650'),
('103.246.200.33', '2015-05-29', 1, '1432863711'),
('103.246.200.44', '2015-05-29', 1, '1432863795'),
('120.174.144.115', '2015-05-29', 1, '1432908445'),
('119.110.72.130', '2015-05-29', 27, '1432912022'),
('173.252.90.117', '2015-05-29', 1, '1432910852'),
('173.252.90.116', '2015-05-29', 1, '1432910873'),
('173.252.90.118', '2015-05-29', 1, '1432911344'),
('173.252.90.122', '2015-05-29', 1, '1432911470'),
('66.249.84.190', '2015-05-30', 1, '1432945579'),
('39.254.117.222', '2015-05-30', 1, '1432991226'),
('66.249.84.178', '2015-05-31', 1, '1433037242'),
('120.176.92.190', '2015-06-01', 3, '1433128955'),
('66.102.6.210', '2015-06-01', 1, '1433134430'),
('120.164.44.28', '2015-06-01', 13, '1433149419'),
('124.195.118.227', '2015-06-01', 1, '1433170960'),
('120.177.28.244', '2015-06-02', 8, '1433220043'),
('66.249.84.190', '2015-06-02', 1, '1433247837'),
('120.190.75.179', '2015-06-03', 7, '1433302768'),
('119.110.72.130', '2015-06-03', 4, '1433302761'),
('89.145.95.2', '2015-06-03', 1, '1433302690'),
('66.249.71.147', '2015-06-07', 46, '1433696370'),
('66.249.71.130', '2015-06-07', 30, '1433696150'),
('66.249.71.164', '2015-06-07', 37, '1433696154'),
('173.252.74.113', '2015-06-07', 8, '1433694061'),
('173.252.74.117', '2015-06-07', 3, '1433676319'),
('66.249.64.57', '2015-06-07', 1, '1433674283'),
('173.252.88.89', '2015-06-07', 5, '1433677999'),
('173.252.88.86', '2015-06-07', 2, '1433677597'),
('173.252.74.119', '2015-06-07', 7, '1433694862'),
('66.249.79.117', '2015-06-07', 1, '1433674983'),
('173.252.88.84', '2015-06-07', 2, '1433676738'),
('173.252.74.115', '2015-06-07', 3, '1433676460'),
('173.252.74.114', '2015-06-07', 2, '1433694204'),
('173.252.74.118', '2015-06-07', 3, '1433676180'),
('173.252.74.112', '2015-06-07', 5, '1433695314'),
('173.252.88.85', '2015-06-07', 2, '1433677804'),
('173.252.88.90', '2015-06-07', 1, '1433676251'),
('173.252.74.116', '2015-06-07', 5, '1433695249'),
('173.252.88.87', '2015-06-07', 2, '1433677488'),
('173.252.88.88', '2015-06-07', 1, '1433677370'),
('66.249.79.130', '2015-06-07', 1, '1433694848'),
('66.220.156.116', '2015-06-07', 2, '1433696197'),
('66.249.67.104', '2015-06-07', 1, '1433696147'),
('66.220.156.112', '2015-06-07', 2, '1433696173'),
('66.220.146.22', '2015-06-07', 1, '1433696162'),
('66.249.67.117', '2015-06-07', 1, '1433696288'),
('66.220.156.114', '2015-06-07', 1, '1433696309'),
('66.220.156.117', '2015-06-08', 3, '1433711204'),
('66.249.71.164', '2015-06-08', 32, '1433779112'),
('66.220.146.25', '2015-06-08', 2, '1433736854'),
('66.220.156.116', '2015-06-08', 2, '1433709422'),
('66.249.71.147', '2015-06-08', 29, '1433748751'),
('66.220.156.112', '2015-06-08', 4, '1433715007'),
('66.220.146.20', '2015-06-08', 1, '1433696744'),
('66.249.71.130', '2015-06-08', 38, '1433777391'),
('66.220.156.118', '2015-06-08', 2, '1433712628'),
('66.220.146.27', '2015-06-08', 1, '1433712556'),
('66.220.146.26', '2015-06-08', 1, '1433712746'),
('66.249.67.104', '2015-06-08', 4, '1433746797'),
('66.220.146.22', '2015-06-08', 1, '1433714244'),
('66.220.156.115', '2015-06-08', 2, '1433714821'),
('66.249.67.117', '2015-06-08', 2, '1433780504'),
('120.176.251.49', '2015-06-08', 2, '1433737104'),
('66.220.156.119', '2015-06-08', 1, '1433737457'),
('66.249.71.147', '2015-06-09', 3, '1433836081'),
('66.249.71.130', '2015-06-09', 4, '1433835126'),
('66.249.67.104', '2015-06-09', 1, '1433788622'),
('66.249.71.164', '2015-06-09', 1, '1433823064'),
('66.249.71.130', '2015-06-10', 5, '1433953790'),
('66.249.67.117', '2015-06-10', 1, '1433911605'),
('66.249.71.164', '2015-06-10', 3, '1433954890'),
('66.249.71.147', '2015-06-10', 2, '1433953573'),
('66.249.71.147', '2015-06-11', 1, '1433957808'),
('66.249.71.164', '2015-06-11', 2, '1433990805'),
('68.180.228.104', '2015-06-11', 1, '1433975257'),
('66.249.71.130', '2015-06-11', 1, '1433991891'),
('36.68.28.19', '2015-06-14', 5, '1434224041'),
('120.164.46.127', '2015-06-14', 2, '1434239557'),
('66.249.67.248', '2015-06-15', 1, '1434362861'),
('104.193.10.50', '2015-06-15', 3, '1434372762'),
('104.193.10.50', '2015-06-16', 2, '1434454308'),
('36.80.234.114', '2015-06-16', 4, '1434443273'),
('173.252.74.115', '2015-06-16', 1, '1434443264'),
('173.252.74.114', '2015-06-16', 1, '1434443279'),
('119.110.72.130', '2015-06-16', 1, '1434467216'),
('124.195.116.71', '2015-06-17', 3, '1434551738'),
('120.184.130.21', '2015-06-27', 1, '1435386862'),
('66.249.84.246', '2015-06-27', 1, '1435387150'),
('120.176.176.106', '2015-06-28', 7, '1435461088'),
('66.220.158.114', '2015-06-28', 1, '1435461007'),
('66.249.84.129', '2015-06-28', 1, '1435466083'),
('66.249.84.246', '2015-06-29', 2, '1435563211'),
('66.249.84.252', '2015-06-29', 1, '1435563206'),
('66.249.84.246', '2015-06-30', 3, '1435677685'),
('66.249.84.252', '2015-06-30', 1, '1435645799'),
('66.249.84.252', '2015-07-01', 1, '1435710707'),
('66.249.84.129', '2015-07-01', 1, '1435711780'),
('120.177.18.200', '2015-07-02', 1, '1435824891'),
('::1', '2015-11-25', 15, '1448407930'),
('::1', '2015-12-01', 12, '1448944568'),
('::1', '2015-12-03', 9, '1449138520'),
('::1', '2015-12-05', 26, '1449279360'),
('::1', '2015-12-07', 4, '1449442678'),
('::1', '2015-12-08', 8, '1449532582'),
('::1', '2015-12-13', 31, '1449974628'),
('::1', '2015-12-18', 9, '1450418535'),
('::1', '2015-12-21', 10, '1450654644'),
('::1', '2015-12-24', 3, '1450917714'),
('::1', '2015-12-25', 4, '1451037761'),
('::1', '2015-12-26', 5, '1451086546'),
('::1', '2016-01-01', 1, '1451626224'),
('::1', '2016-01-12', 2, '1452564572'),
('::1', '2016-01-16', 7, '1452913899'),
('::1', '2016-01-17', 150, '1453036730'),
('::1', '2016-07-24', 24, '1469318037'),
('::1', '2016-07-29', 1, '1469767572'),
('::1', '2016-07-31', 1, '1469936872'),
('::1', '2016-08-01', 14, '1470019073'),
('::1', '2016-08-12', 4, '1470940786'),
('::1', '2016-08-14', 3, '1471191885'),
('::1', '2016-08-22', 5, '1471851644'),
('::1', '2016-08-26', 4, '1472207940'),
('::1', '2016-08-29', 9, '1472475500'),
('::1', '2016-08-30', 1, '1472531831'),
('::1', '2016-09-13', 4, '1473760584'),
('::1', '2016-09-16', 7, '1473998550'),
('::1', '2016-09-17', 3, '1474076080'),
('::1', '2016-09-20', 4, '1474335445'),
('::1', '2016-09-21', 5, '1474470987'),
('::1', '2016-09-26', 8, '1474866854'),
('::1', '2016-11-21', 20, '1479719811'),
('::1', '2016-11-22', 26, '1479795839'),
('::1', '2016-12-24', 1, '1482592503'),
('::1', '2016-12-23', 2, '1482451494'),
('::1', '2016-12-20', 7, '1482205377'),
('::1', '2016-12-14', 4, '1481717872'),
('::1', '2016-12-13', 24, '1481593512'),
('::1', '2016-12-09', 1, '1481243159'),
('::1', '2016-12-03', 3, '1480741491'),
('::1', '2016-11-28', 32, '1480303392'),
('::1', '2016-11-27', 2, '1480224412'),
('::1', '2016-11-24', 403, '1479984680'),
('::1', '2016-11-23', 2, '1479913316'),
('::1', '2017-01-03', 9, '1483421812'),
('::1', '2017-01-04', 2, '1483534977'),
('::1', '2017-01-05', 3, '1483627230'),
('::1', '2017-01-14', 1, '1484352852'),
('::1', '2017-01-17', 3, '1484663823'),
('::1', '2017-01-25', 12, '1485359750'),
('::1', '2017-01-26', 37, '1485414680'),
('::1', '2017-01-27', 70, '1485508785'),
('::1', '2017-01-28', 1, '1485567010'),
('::1', '2017-02-04', 1, '1486213804'),
('::1', '2017-02-09', 14, '1486659480'),
('::1', '2017-02-10', 3, '1486684650'),
('::1', '2017-02-11', 11, '1486773431'),
('::1', '2017-02-12', 6, '1486869838'),
('::1', '2017-02-13', 5, '1486995163'),
('::1', '2017-02-15', 3, '1487123924'),
('::1', '2017-02-21', 1, '1487659967'),
('::1', '2017-02-23', 7, '1487832476'),
('::1', '2017-02-26', 4, '1488064851'),
('::1', '2017-03-13', 44, '1489366890'),
('::1', '2017-03-17', 24, '1489744337'),
('::1', '2017-03-20', 1, '1489988038'),
('::1', '2017-03-25', 1, '1490413626'),
('::1', '2017-03-29', 7, '1490744633'),
('::1', '2017-04-02', 1, '1491122695'),
('::1', '2017-04-06', 56, '1491462329'),
('::1', '2017-04-07', 59, '1491524075'),
('::1', '2017-04-09', 20, '1491711058'),
('::1', '2017-04-11', 9, '1491877995'),
('::1', '2017-04-12', 124, '1492006218'),
('::1', '2017-04-13', 53, '1492088580'),
('::1', '2017-05-14', 133, '1494767093'),
('::1', '2017-05-20', 167, '1495299592'),
('::1', '2017-05-21', 234, '1495359950'),
('::1', '2017-10-02', 134, '1506930450'),
('::1', '2017-10-05', 9, '1507163541'),
('::1', '2017-10-11', 2, '1507693282'),
('::1', '2017-10-15', 7, '1508074858'),
('::1', '2017-10-26', 210, '1508994764'),
('::1', '2017-10-28', 22, '1509190531'),
('::1', '2017-10-29', 8, '1509215199'),
('::1', '2017-10-31', 1, '1509466160'),
('::1', '2018-10-06', 58, '1538800016');

-- --------------------------------------------------------

--
-- Table structure for table `tag`
--

CREATE TABLE `tag` (
  `id_tag` int(5) NOT NULL,
  `nama_tag` varchar(100) COLLATE latin1_general_ci NOT NULL,
  `username` varchar(50) COLLATE latin1_general_ci NOT NULL,
  `tag_seo` varchar(100) COLLATE latin1_general_ci NOT NULL,
  `count` int(5) NOT NULL
) ENGINE=MyISAM DEFAULT CHARSET=latin1 COLLATE=latin1_general_ci;

--
-- Dumping data for table `tag`
--

INSERT INTO `tag` (`id_tag`, `nama_tag`, `username`, `tag_seo`, `count`) VALUES
(22, 'Hiburan', '', 'hiburan', 19),
(28, 'Teknologi', '', 'teknologi', 12),
(27, 'Metropolitan', '', 'metropolitan', 32),
(26, 'Nasional', '', 'nasional', 42),
(25, 'Kesehatan', '', 'kesehatan', 16),
(24, 'Olahraga', '', 'olahraga', 11),
(34, 'Wisata', '', 'wisata', 4),
(36, 'Hukum', '', 'hukum', 16),
(37, 'Film', '', 'film', 25),
(40, 'Internasional', '', 'internasional', 28),
(41, 'Bola', '', 'bola', 21),
(43, 'Selebritis', '', 'selebritis', 9),
(49, 'Palestina', 'admin', 'palestina', 6),
(50, 'Israel', 'admin', 'israel', 3),
(51, 'Yahudi', 'admin', 'yahudi', 4),
(55, 'orang', 'admin', 'orang', 0),
(56, 'hutan', 'admin', 'hutan', 0),
(57, 'manusia', 'admin', 'manusia', 0),
(68, 'manusia ind', 'admin', 'manusia-ind', 0),
(67, 'wisata orang', 'admin', 'wisata-orang', 0),
(69, '', 'admin', '', 0);

-- --------------------------------------------------------

--
-- Table structure for table `tagvid`
--

CREATE TABLE `tagvid` (
  `id_tag` int(5) NOT NULL,
  `nama_tag` varchar(100) COLLATE latin1_general_ci NOT NULL,
  `username` varchar(50) COLLATE latin1_general_ci NOT NULL,
  `tag_seo` varchar(100) COLLATE latin1_general_ci NOT NULL,
  `count` int(5) NOT NULL
) ENGINE=MyISAM DEFAULT CHARSET=latin1 COLLATE=latin1_general_ci;

--
-- Dumping data for table `tagvid`
--

INSERT INTO `tagvid` (`id_tag`, `nama_tag`, `username`, `tag_seo`, `count`) VALUES
(34, 'perang', 'admin', 'perang', 2),
(35, 'Teknologi', 'admin', 'teknologi', 0),
(36, 'Nasional', 'admin', 'nasional', 1);

-- --------------------------------------------------------

--
-- Table structure for table `tbl_comment`
--

CREATE TABLE `tbl_comment` (
  `id_komentar` int(5) NOT NULL,
  `reply` int(5) NOT NULL,
  `nama_lengkap` varchar(150) NOT NULL,
  `alamat_email` varchar(150) NOT NULL,
  `isi_pesan` text NOT NULL,
  `tanggal_komentar` date NOT NULL,
  `jam_komentar` time NOT NULL
) ENGINE=MyISAM DEFAULT CHARSET=latin1;

--
-- Dumping data for table `tbl_comment`
--

INSERT INTO `tbl_comment` (`id_komentar`, `reply`, `nama_lengkap`, `alamat_email`, `isi_pesan`, `tanggal_komentar`, `jam_komentar`) VALUES
(1, 0, 'Wildan Agissa', 'dankrez48@gmail.com', 'Perubahan UUD 1945 yang membawa perubahan mendasar mengenai penyelengaraan kekuasaan kehakiman, membuat perlunya dilakukan perubahan secara komprehensif mengenai Undang-Undang Ketentuan-ketentuan Pokok Kekuasaan Kehakiman.								', '2014-11-19', '00:00:00'),
(2, 1, 'si anu', 'anu@gmail.com', 'Video bocah melakukan hubungan intim layaknya suami istri membuat geger. Guna mencegah hal-hal yang tidak diinginkan, polisi pun sudah melakukan penelusuran siapa orang di balik pembuatan video cabul tersebut.', '2014-11-19', '00:00:00'),
(4, 1, 'Anggun Pratiwi', 'angun@gmail.com', 'itu benar bro, kalau ndak pacayo tanyo lah ka baruak.Video bocah melakukan hubungan intim layaknya suami istri membuat geger. Guna mencegah hal-hal yang tidak diinginkan, polisi pun sudah melakukan penelusuran siapa orang di balik pembuatan video cabul tersebut.', '2014-11-21', '00:00:00'),
(5, 3, 'Dewi Safitri', 'dewi.safitri@gmail.com', 'Oii, ang kareh bana mah, den ambuang ang ka lauik beko,.. Video bocah melakukan hubungan intim layaknya suami istri membuat geger. Guna mencegah hal-hal yang tidak diinginkan, polisi pun sudah melakukan penelusuran siapa orang di balik pembuatan video cabul tersebut.', '2014-11-21', '00:00:00'),
(7, 6, 'Prasmana Enru', 'prasmana@gmail.com', 'Undang-Undang Ketentuan-ketentuan Pokok Kekuasaan	Video bocah melakukan hubungan intim layaknya suami istri membuat geger. Guna mencegah hal-hal yang tidak diinginkan, polisi pun sudah melakukan penelusuran siapa orang di balik pembuatan video cabul tersebut.', '2014-11-21', '00:00:00'),
(9, 3, 'Wildan Agissa', 'dankrez48@gmail.com', 'Untuk itulah penulis memberikan solusi menggunakan program Dreamweaver,.. Video bocah melakukan hubungan intim layaknya suami istri membuat geger. Guna mencegah hal-hal yang tidak diinginkan, polisi pun sudah melakukan penelusuran siapa orang di balik pembuatan video cabul tersebut.', '2015-01-22', '00:00:00'),
(15, 6, 'Wildan Agissa', 'dankrez48@gmail.com', 'Perlahan tapi pasti, sosok TM yang merupakan artis dan berprofesi sebagai Pekerja Seks Komersial (PSK) akhirnya mulai terungkap Video bocah melakukan hubungan intim layaknya suami istri membuat geger. Guna mencegah hal-hal yang tidak diinginkan, polisi pun sudah melakukan penelusuran siapa orang di balik pembuatan video cabul tersebut.', '2015-05-29', '00:59:50'),
(17, 3, 'hari ke 2', 'hay.smart,solusindo@gmail.com', 'Tesssss', '2015-05-29', '05:41:12'),
(19, 14, 'Wildan Agissa', 'dankrez48@gmail.com', 'Testing untuk Berikan jawaban,....', '2015-06-01', '15:44:10'),
(20, 0, 'Dewiit Safitri', 'dewiit.safitri@gmail.com', 'I absolutely love image or text sliders written using pure css code. Likewise, i always hated slow loading sliders using jquery or javascript to use in my wordpress themes or html websites. I have compiled some cool css sliders from codepen/github for use in your website or in themes, many are responsive too. A word of advise: Please make sure to test all sliders in Safari, Chrome and FF before deployment.', '2017-01-24', '16:27:59'),
(23, 20, 'Wildan Agissa', 'dankrez48@gmail.com', 'I spent almost a day searching for this. And found &#039;CSS3 Thumbnail Slider&#039; on this site. Thanks a lot. If the slideIndex is higher than the number of elements (x.length), the slideIndex is set to zero.', '2017-01-24', '16:31:47'),
(24, 14, 'Wildan Agissa', 'dankrez48@gmail.com', 'Guna mencegah hal-hal yang tidak diinginkan, polisi pun sudah melakukan penelusuran siapa orang di balik pembuatan video cabul tersebut', '2017-04-09', '11:07:23');

-- --------------------------------------------------------

--
-- Table structure for table `templates`
--

CREATE TABLE `templates` (
  `id_templates` int(5) NOT NULL,
  `judul` varchar(100) COLLATE latin1_general_ci NOT NULL,
  `username` varchar(50) COLLATE latin1_general_ci NOT NULL,
  `pembuat` varchar(50) COLLATE latin1_general_ci NOT NULL,
  `folder` varchar(50) COLLATE latin1_general_ci NOT NULL,
  `aktif` enum('Y','N') COLLATE latin1_general_ci NOT NULL DEFAULT 'N'
) ENGINE=MyISAM DEFAULT CHARSET=latin1 COLLATE=latin1_general_ci;

--
-- Dumping data for table `templates`
--

INSERT INTO `templates` (`id_templates`, `judul`, `username`, `pembuat`, `folder`, `aktif`) VALUES
(22, 'Lokomedia ke Sekolah - Template Web Sekolah', 'admin', 'Wildan Agissa', 'lokomedia_sekolah', 'Y');

-- --------------------------------------------------------

--
-- Table structure for table `users`
--

CREATE TABLE `users` (
  `username` varchar(50) CHARACTER SET latin1 COLLATE latin1_general_ci NOT NULL,
  `password` varchar(255) CHARACTER SET latin1 COLLATE latin1_general_ci NOT NULL,
  `nama_lengkap` varchar(100) CHARACTER SET latin1 COLLATE latin1_general_ci NOT NULL,
  `email` varchar(100) CHARACTER SET latin1 COLLATE latin1_general_ci NOT NULL,
  `no_telp` varchar(20) CHARACTER SET latin1 COLLATE latin1_general_ci NOT NULL,
  `foto` varchar(100) CHARACTER SET latin1 COLLATE latin1_general_ci NOT NULL,
  `level` varchar(20) CHARACTER SET latin1 COLLATE latin1_general_ci NOT NULL DEFAULT 'user',
  `blokir` enum('Y','N') CHARACTER SET latin1 COLLATE latin1_general_ci NOT NULL DEFAULT 'N',
  `id_session` varchar(255) NOT NULL
) ENGINE=MyISAM DEFAULT CHARSET=latin1;

--
-- Dumping data for table `users`
--

INSERT INTO `users` (`username`, `password`, `nama_lengkap`, `email`, `no_telp`, `foto`, `level`, `blokir`, `id_session`) VALUES
('admin', 'edbd881f1ee2f76ba0bd70fd184f87711be991a0401fd07ccd4b199665f00761afc91731d8d8ba6cbb188b2ed5bfb465b9f3d30231eb0430b9f90fe91d136648', 'Wildan Agissa', 'dankrez48@gmail.com', '081267771344', 'admin.png', 'admin', 'N', 'q173s8hs1jl04st35169ccl8o7'),
('kepala', 'bff0cc42103de1b4721370e84dc24f635a7afeca41198c9b3e03946a1b6b7191d14356408a5e57ce6daf77e6e800c66fac7ab0482d57d48d23e6808e4b562daa', 'Wildan Agissa, M.Kom', 'dankrez48@gmail.com', '081267771344', 'kepsek.jpg', 'user', 'N', '81462f1246089f056da2e4986ff5643b2a3d1c68d0f6aad6645ae0cc9d2a8930d7cb322403aa4c579a8a2afd033fe2c96e41719fbde6fec87e4d9ea51b81387a');

-- --------------------------------------------------------

--
-- Table structure for table `users_modul`
--

CREATE TABLE `users_modul` (
  `id_umod` int(11) NOT NULL,
  `id_session` varchar(255) NOT NULL,
  `id_modul` int(11) NOT NULL
) ENGINE=MyISAM DEFAULT CHARSET=latin1;

--
-- Dumping data for table `users_modul`
--

INSERT INTO `users_modul` (`id_umod`, `id_session`, `id_modul`) VALUES
(1, 'ed1d859c50262701d92e5cbf39652792-20170120090507', 70),
(2, 'ed1d859c50262701d92e5cbf39652792-20170120090507', 65),
(3, 'ed1d859c50262701d92e5cbf39652792-20170120090507', 63),
(4, 'f76ad5ee772ac196cbc09824e24859ee', 70),
(5, 'f76ad5ee772ac196cbc09824e24859ee', 65),
(6, 'f76ad5ee772ac196cbc09824e24859ee', 63),
(7, 'ed1d859c50262701d92e5cbf39652792-20170120090507', 18),
(8, 'ed1d859c50262701d92e5cbf39652792-20170120090507', 66),
(9, 'ed1d859c50262701d92e5cbf39652792-20170120090507', 33),
(10, '3460d81e02faa3559f9e02c9a766fcbd-20170124215625', 18),
(11, 'ed1d859c50262701d92e5cbf39652792-20170120090507', 41),
(12, '6bec9c852847242e384a4d5ac0962ba0-20170406140423', 18),
(13, 'fa7688658d8b38aae731826ea1daebb5-20170521103501', 18);

-- --------------------------------------------------------

--
-- Table structure for table `video`
--

CREATE TABLE `video` (
  `id_video` int(5) NOT NULL,
  `id_playlist` int(5) NOT NULL,
  `username` varchar(30) COLLATE latin1_general_ci NOT NULL,
  `jdl_video` varchar(100) COLLATE latin1_general_ci NOT NULL,
  `video_seo` varchar(100) COLLATE latin1_general_ci NOT NULL,
  `keterangan` text COLLATE latin1_general_ci NOT NULL,
  `gbr_video` varchar(100) COLLATE latin1_general_ci NOT NULL,
  `video` varchar(100) COLLATE latin1_general_ci NOT NULL,
  `youtube` varchar(100) COLLATE latin1_general_ci NOT NULL,
  `dilihat` int(7) NOT NULL DEFAULT '1',
  `hari` varchar(20) COLLATE latin1_general_ci NOT NULL,
  `tanggal` date NOT NULL,
  `jam` time NOT NULL,
  `tagvid` varchar(100) COLLATE latin1_general_ci NOT NULL
) ENGINE=MyISAM DEFAULT CHARSET=latin1 COLLATE=latin1_general_ci;

--
-- Dumping data for table `video`
--

INSERT INTO `video` (`id_video`, `id_playlist`, `username`, `jdl_video`, `video_seo`, `keterangan`, `gbr_video`, `video`, `youtube`, `dilihat`, `hari`, `tanggal`, `jam`, `tagvid`) VALUES
(160, 56, 'admin', 'Selamatkan Hutan di Indonesia', 'selamatkan-hutan-di-indonesia', 'Pengamat politik dari Charta Politika, Yunarto Wijaya mempertanyakan dasar keputusan SBY menunjuk Roy Suryo sebagai Menpora. Apalagi, kata Yunarto, ada pernyataan SBY yang menegaskan Roy cakap untuk mengemban tugas sebagai Menpora.\r\n\r\nMenurut Yunarto, Roy selama ini lebih dikenal sebagai pakar foto digital dan video serta dosen di sebuah perguruan tinggi negeri. \"Namun, belum terdengar kiprahnya di bidang kepemudaan dan olahraga,\" kata Yunarto. Sementara, tugas Menpora yang berat dan masa tugasnya relatif singkat idealnya mengutamakan figur yang kompetensinya teruji di bidang kepemudaan dan olahraga.\r\n\r\nKarena itu, Yunarto menduga penunjukan Roy bukan karena kompetensi, melainkan representasi politik. \"Ditunjuknya kader Partai Demokrat Roy Suryo sebagai Menpora menunjukkan faktor politisnya sangat kuat,\" katanya.', '', '', 'http://www.youtube.com/embed/hkzpLJjZQbA', 31, 'Rabu', '2014-07-02', '07:30:12', ''),
(161, 56, 'admin', 'Hutan Hujan Tropis Indonesia', 'hutan-hujan-tropis-indonesia', 'Pihak Partai Liberal Demokrat pun langsung melontarkan kecaman atas tulisan dari Ward. Juru bicara partai mengatakan bahwa pihak partainya akan menerapkan sanksi terhadap Ward.\r\n\r\nSementara pihak Partai Konservatif yang menguasai koalisi pemerintahan bersama Liberal Demokrat menyatakan Ward harus menarik komentarnya.\r\n\r\n\"Tidak seharusnya seorang anggota parlemen menulis tindakan yang memicu kekerasan. Tindakannya tidak bertanggung jawab,\" ucap pihak Konservatif.\r\n\r\nIni bukan pertama kalinya Ward mengecam tindakan Israel. Pada Juli 2013 lalu, Ward menyebut pihak Zionis diambang kekalahan dalam perang. Dirinya pun mempertanyakan sampai kapan negara apartheid seperti Israel bisa bertahan.', '', '', 'http://www.youtube.com/embed/5biK_PcT7S0', 24, 'Rabu', '2014-07-02', '07:31:23', ''),
(162, 57, 'admin', 'Perang Sengit Pasukan Darat Israel Vs Hamas', 'perang-sengit-pasukan-darat-israel-vs-hamas', 'Israel makin gencar melakukan serangan ke Gaza, baik melalui udara maupun darat. Masjid menjadi salah satu target serangan dari Negara Yahudi itu.\r\n\r\nSekira 15 warga Palestina dilaporkan tewas dan 20 lainnya dalam serangan udara Isarel ke sebuah masjid di Kota Gaza pada Sabtu 19 Juli 2014 lalu. Masjid itu terletak tidak jauh dari rumah milik Komandan Polisi Gaza.\r\n\r\nRudal-rudal dari Israel menghancurkan sebagian dari bangunan masjid. Alquran yang berada di dalam masjid pun tampak rusak akibat serangan. Demikian diberitakan Associated Press, Rabu (23/7/2014).\r\n\r\nSelain itu, serangan Israel juga diarahkan ke rumah sakit yang berada di Gaza. Blokade yang dilakukan oleh Israel makin membuat rumah sakit sulit untuk beroperasi.', '', '', 'https://www.youtube.com/watch?v=CeNjeD8yknI', 16, 'Rabu', '2014-07-23', '15:23:10', ''),
(163, 57, 'admin', 'Isael dan Palestina Memanas', 'isael-dan-palestina-memanas', 'Khamenei dikenal sebagai musuh besar Israel. Beberapa komentarnya membuat panas telinga pemimpin Israel.\r\n\r\nKomentar paling pedas Khamenei adalah Iran tidak pernah mengenal Israel. Negara ini juga secara terang-terangan mendukung Hamas. Hamas sendiri sudah dimasukan ke dalam daftar hitam terorisme oleh Israel.\r\n\r\nSelain itu, Khamenei dan beberapa pemimpin Iran berjanji akan menghilangkan Israel dari peta dunia. Bahkan, beberapa pekan lalu, Khamenei menyatakan peristiwa pembantaian warga Yahudi oleh Nazi satu abad lalu, hanyalah sebuah ilusi yang tak nyata.', '', '', 'https://www.youtube.com/watch?v=oaJpxuDh5Ds', 31, 'Rabu', '2014-07-23', '15:24:30', ''),
(164, 57, 'admin', 'Israel Tembak Mati Warga Palestina Saat Gencatan', 'israel-tembak-mati-warga-palestina-saat-gencatan', 'Seorang tentara Israel dilaporkan menghilang di Jalur Gaza. Hal ini terjadi usai terjadinya pertempuran mematikan yang terjadi di Jalur Gaza pada akhir pekan lalu.\r\n\r\nMelansir Boston Herald, Selasa (22/7/2014), pejabat pertahanan Israel mengatakan, tentaranya hilang usai pertempuran mematikan di Gaza terjadi pada pekan lalu. Namun, tidak jelas apakah tentara tersebut masih hidup atau sudah tewas.\r\n\r\nKonflik yang terjadi antara Israel dan Hamas sejauh ini sudah menyebabkan sekira 25 tentara Israel tewas dan ratusan warga Palestina. Sebagian besar korban warga Palestina adalah anak-anak.\r\n\r\nMemanasnya situasi itu membuat sejumlah desakan gencatan berdatangan dari sejumlah negara dan organisasi internasional.\r\n\r\nSebelumnya, Sekretaris Jendral Perserikatan Bangsa - Bangsa (PBB) Ban Ki-moon dan Menteri Luar Negeri Amerika Serikat (AS) John Kerry melakukan pertemuan di Kairo, Mesir. Pertemuan di bertujuan untuk mendesak agar konflik yang terjadi di Gaza segera dihentikan.', '', '', 'https://www.youtube.com/watch?v=L6R-5XUcDSY', 43, 'Rabu', '2014-07-23', '15:29:41', ''),
(165, 57, 'admin', 'Gaza conflict: Israel & Hamas face allegations of war crimes', 'gaza-conflict-israel--hamas-face-allegations-of-war-crimes', '<p>Sebelumnya, Sekretaris Jendral Perserikatan Bangsa - Bangsa (PBB) Ban Ki-moon dan Menteri Luar Negeri Amerika Serikat (AS) John Kerry melakukan pertemuan di Kairo, Mesir. Pertemuan di bertujuan untuk mendesak agar konflik yang terjadi di Gaza segera dihentikan. Mengingat agresi yang militer yang dilancarkan Israel merupakan pelanggaran hukum humaniter internasional. Menyusul banyak warga sipil yang telah menjadi korban akibat pertempuran yang dilakukan Israel dan Hamas. Sebelumnya, Sekretaris Jendral Perserikatan Bangsa - Bangsa (PBB) Ban Ki-moon dan Menteri Luar Negeri Amerika Serikat (AS) John Kerry melakukan pertemuan di Kairo, Mesir. Pertemuan di bertujuan untuk mendesak agar konflik yang terjadi di Gaza segera dihentikan. Mengingat agresi yang militer yang dilancarkan Israel merupakan pelanggaran hukum humaniter internasional. Menyusul banyak warga sipil yang telah menjadi korban akibat pertempuran yang dilakukan Israel dan Hamas.</p>\r\n', '', '', 'http://www.youtube.com/embed/aqI4DOilySg', 16, 'Minggu', '2014-08-17', '16:49:33', ''),
(166, 57, 'admin', 'Chomsky: Calling for change on US support for Israelll', 'chomsky-calling-for-change-on-us-support-for-israelll', '<p>Pemimpin tertinggi Iran, Ayatollah Ali Khamenei menyampaikan pernyataan kontroversial terkait ketegangan di Gaza. Khamenei mendorong agar Palestina terus melawan Israel. \"Salah satu cara untuk menghentikan rezim kurang ajar ini adalah melanjutkan perlawanan dan dan perjuangan bersenjata harus diperluas ke Tepi Barat,\" sebut Khamenei, seperti dikutip dari IRNA, Kamis (24/7/2014). Khamenei dikenal sebagai musuh besar Israel. Beberapa komentarnya membuat panas telinga pemimpin Israel.</p>\r\n\r\n<p>Pemimpin tertinggi Iran, Ayatollah Ali Khamenei menyampaikan pernyataan kontroversial terkait ketegangan di Gaza. Khamenei mendorong agar Palestina terus melawan Israel. Salah satu cara untuk menghentikan rezim kurang ajar ini adalah melanjutkan perlawanan dan dan perjuangan bersenjata harus diperluas ke Tepi Barat, sebut Khamenei, seperti dikutip dari IRNA, Kamis (24/7/2014). Khamenei dikenal sebagai musuh besar Israel. Beberapa komentarnya membuat panas telinga pemimpin Israel.</p>\r\n', '', '', 'http://www.youtube.com/embed/gQRJEnoxr2A', 99, 'Minggu', '2014-08-17', '16:51:04', 'perang');

--
-- Indexes for dumped tables
--

--
-- Indexes for table `agenda`
--
ALTER TABLE `agenda`
  ADD PRIMARY KEY (`id_agenda`);

--
-- Indexes for table `album`
--
ALTER TABLE `album`
  ADD PRIMARY KEY (`id_album`);

--
-- Indexes for table `background`
--
ALTER TABLE `background`
  ADD PRIMARY KEY (`id_background`);

--
-- Indexes for table `banner`
--
ALTER TABLE `banner`
  ADD PRIMARY KEY (`id_banner`);

--
-- Indexes for table `berita`
--
ALTER TABLE `berita`
  ADD PRIMARY KEY (`id_berita`);

--
-- Indexes for table `download`
--
ALTER TABLE `download`
  ADD PRIMARY KEY (`id_download`);

--
-- Indexes for table `gallery`
--
ALTER TABLE `gallery`
  ADD PRIMARY KEY (`id_gallery`);

--
-- Indexes for table `grafik_lulusan`
--
ALTER TABLE `grafik_lulusan`
  ADD PRIMARY KEY (`id_grafik`);

--
-- Indexes for table `halamanstatis`
--
ALTER TABLE `halamanstatis`
  ADD PRIMARY KEY (`id_halaman`);

--
-- Indexes for table `header`
--
ALTER TABLE `header`
  ADD PRIMARY KEY (`id_header`);

--
-- Indexes for table `hubungi`
--
ALTER TABLE `hubungi`
  ADD PRIMARY KEY (`id_hubungi`);

--
-- Indexes for table `identitas`
--
ALTER TABLE `identitas`
  ADD PRIMARY KEY (`id_identitas`);

--
-- Indexes for table `iklanatas`
--
ALTER TABLE `iklanatas`
  ADD PRIMARY KEY (`id_iklanatas`);

--
-- Indexes for table `iklantengah`
--
ALTER TABLE `iklantengah`
  ADD PRIMARY KEY (`id_iklantengah`);

--
-- Indexes for table `katajelek`
--
ALTER TABLE `katajelek`
  ADD PRIMARY KEY (`id_jelek`);

--
-- Indexes for table `kategori`
--
ALTER TABLE `kategori`
  ADD PRIMARY KEY (`id_kategori`);

--
-- Indexes for table `komentar`
--
ALTER TABLE `komentar`
  ADD PRIMARY KEY (`id_komentar`);

--
-- Indexes for table `komentarvid`
--
ALTER TABLE `komentarvid`
  ADD PRIMARY KEY (`id_komentar`);

--
-- Indexes for table `link_terkait`
--
ALTER TABLE `link_terkait`
  ADD PRIMARY KEY (`id_link`);

--
-- Indexes for table `logo`
--
ALTER TABLE `logo`
  ADD PRIMARY KEY (`id_logo`);

--
-- Indexes for table `menu`
--
ALTER TABLE `menu`
  ADD PRIMARY KEY (`id_menu`);

--
-- Indexes for table `modul`
--
ALTER TABLE `modul`
  ADD PRIMARY KEY (`id_modul`);

--
-- Indexes for table `mod_alamat`
--
ALTER TABLE `mod_alamat`
  ADD PRIMARY KEY (`id_alamat`);

--
-- Indexes for table `mod_ym`
--
ALTER TABLE `mod_ym`
  ADD PRIMARY KEY (`id`);

--
-- Indexes for table `pasangiklan`
--
ALTER TABLE `pasangiklan`
  ADD PRIMARY KEY (`id_pasangiklan`);

--
-- Indexes for table `pengumuman`
--
ALTER TABLE `pengumuman`
  ADD PRIMARY KEY (`id_pengumuman`);

--
-- Indexes for table `playlist`
--
ALTER TABLE `playlist`
  ADD PRIMARY KEY (`id_playlist`);

--
-- Indexes for table `poling`
--
ALTER TABLE `poling`
  ADD PRIMARY KEY (`id_poling`);

--
-- Indexes for table `sekilasinfo`
--
ALTER TABLE `sekilasinfo`
  ADD PRIMARY KEY (`id_sekilas`);

--
-- Indexes for table `tag`
--
ALTER TABLE `tag`
  ADD PRIMARY KEY (`id_tag`);

--
-- Indexes for table `tagvid`
--
ALTER TABLE `tagvid`
  ADD PRIMARY KEY (`id_tag`);

--
-- Indexes for table `tbl_comment`
--
ALTER TABLE `tbl_comment`
  ADD PRIMARY KEY (`id_komentar`);

--
-- Indexes for table `templates`
--
ALTER TABLE `templates`
  ADD PRIMARY KEY (`id_templates`);

--
-- Indexes for table `users`
--
ALTER TABLE `users`
  ADD PRIMARY KEY (`username`);

--
-- Indexes for table `users_modul`
--
ALTER TABLE `users_modul`
  ADD PRIMARY KEY (`id_umod`);

--
-- Indexes for table `video`
--
ALTER TABLE `video`
  ADD PRIMARY KEY (`id_video`);

--
-- AUTO_INCREMENT for dumped tables
--

--
-- AUTO_INCREMENT for table `agenda`
--
ALTER TABLE `agenda`
  MODIFY `id_agenda` int(5) NOT NULL AUTO_INCREMENT, AUTO_INCREMENT=70;

--
-- AUTO_INCREMENT for table `album`
--
ALTER TABLE `album`
  MODIFY `id_album` int(5) NOT NULL AUTO_INCREMENT, AUTO_INCREMENT=51;

--
-- AUTO_INCREMENT for table `background`
--
ALTER TABLE `background`
  MODIFY `id_background` int(5) NOT NULL AUTO_INCREMENT, AUTO_INCREMENT=2;

--
-- AUTO_INCREMENT for table `banner`
--
ALTER TABLE `banner`
  MODIFY `id_banner` int(5) NOT NULL AUTO_INCREMENT, AUTO_INCREMENT=24;

--
-- AUTO_INCREMENT for table `berita`
--
ALTER TABLE `berita`
  MODIFY `id_berita` int(5) NOT NULL AUTO_INCREMENT, AUTO_INCREMENT=692;

--
-- AUTO_INCREMENT for table `download`
--
ALTER TABLE `download`
  MODIFY `id_download` int(5) NOT NULL AUTO_INCREMENT, AUTO_INCREMENT=32;

--
-- AUTO_INCREMENT for table `gallery`
--
ALTER TABLE `gallery`
  MODIFY `id_gallery` int(5) NOT NULL AUTO_INCREMENT, AUTO_INCREMENT=259;

--
-- AUTO_INCREMENT for table `grafik_lulusan`
--
ALTER TABLE `grafik_lulusan`
  MODIFY `id_grafik` int(5) NOT NULL AUTO_INCREMENT, AUTO_INCREMENT=12;

--
-- AUTO_INCREMENT for table `halamanstatis`
--
ALTER TABLE `halamanstatis`
  MODIFY `id_halaman` int(5) NOT NULL AUTO_INCREMENT, AUTO_INCREMENT=52;

--
-- AUTO_INCREMENT for table `header`
--
ALTER TABLE `header`
  MODIFY `id_header` int(5) NOT NULL AUTO_INCREMENT, AUTO_INCREMENT=34;

--
-- AUTO_INCREMENT for table `hubungi`
--
ALTER TABLE `hubungi`
  MODIFY `id_hubungi` int(5) NOT NULL AUTO_INCREMENT, AUTO_INCREMENT=41;

--
-- AUTO_INCREMENT for table `identitas`
--
ALTER TABLE `identitas`
  MODIFY `id_identitas` int(5) NOT NULL AUTO_INCREMENT, AUTO_INCREMENT=2;

--
-- AUTO_INCREMENT for table `iklanatas`
--
ALTER TABLE `iklanatas`
  MODIFY `id_iklanatas` int(5) NOT NULL AUTO_INCREMENT, AUTO_INCREMENT=40;

--
-- AUTO_INCREMENT for table `iklantengah`
--
ALTER TABLE `iklantengah`
  MODIFY `id_iklantengah` int(5) NOT NULL AUTO_INCREMENT, AUTO_INCREMENT=34;

--
-- AUTO_INCREMENT for table `katajelek`
--
ALTER TABLE `katajelek`
  MODIFY `id_jelek` int(11) NOT NULL AUTO_INCREMENT, AUTO_INCREMENT=9;

--
-- AUTO_INCREMENT for table `kategori`
--
ALTER TABLE `kategori`
  MODIFY `id_kategori` int(5) NOT NULL AUTO_INCREMENT, AUTO_INCREMENT=63;

--
-- AUTO_INCREMENT for table `komentar`
--
ALTER TABLE `komentar`
  MODIFY `id_komentar` int(5) NOT NULL AUTO_INCREMENT, AUTO_INCREMENT=161;

--
-- AUTO_INCREMENT for table `komentarvid`
--
ALTER TABLE `komentarvid`
  MODIFY `id_komentar` int(5) NOT NULL AUTO_INCREMENT, AUTO_INCREMENT=116;

--
-- AUTO_INCREMENT for table `link_terkait`
--
ALTER TABLE `link_terkait`
  MODIFY `id_link` int(5) NOT NULL AUTO_INCREMENT, AUTO_INCREMENT=20;

--
-- AUTO_INCREMENT for table `logo`
--
ALTER TABLE `logo`
  MODIFY `id_logo` int(5) NOT NULL AUTO_INCREMENT, AUTO_INCREMENT=18;

--
-- AUTO_INCREMENT for table `menu`
--
ALTER TABLE `menu`
  MODIFY `id_menu` int(5) NOT NULL AUTO_INCREMENT, AUTO_INCREMENT=134;

--
-- AUTO_INCREMENT for table `modul`
--
ALTER TABLE `modul`
  MODIFY `id_modul` int(5) NOT NULL AUTO_INCREMENT, AUTO_INCREMENT=76;

--
-- AUTO_INCREMENT for table `mod_alamat`
--
ALTER TABLE `mod_alamat`
  MODIFY `id_alamat` int(5) NOT NULL AUTO_INCREMENT, AUTO_INCREMENT=2;

--
-- AUTO_INCREMENT for table `mod_ym`
--
ALTER TABLE `mod_ym`
  MODIFY `id` int(11) NOT NULL AUTO_INCREMENT;

--
-- AUTO_INCREMENT for table `pasangiklan`
--
ALTER TABLE `pasangiklan`
  MODIFY `id_pasangiklan` int(5) NOT NULL AUTO_INCREMENT, AUTO_INCREMENT=34;

--
-- AUTO_INCREMENT for table `pengumuman`
--
ALTER TABLE `pengumuman`
  MODIFY `id_pengumuman` int(5) NOT NULL AUTO_INCREMENT, AUTO_INCREMENT=5;

--
-- AUTO_INCREMENT for table `playlist`
--
ALTER TABLE `playlist`
  MODIFY `id_playlist` int(5) NOT NULL AUTO_INCREMENT, AUTO_INCREMENT=60;

--
-- AUTO_INCREMENT for table `poling`
--
ALTER TABLE `poling`
  MODIFY `id_poling` int(5) NOT NULL AUTO_INCREMENT, AUTO_INCREMENT=38;

--
-- AUTO_INCREMENT for table `sekilasinfo`
--
ALTER TABLE `sekilasinfo`
  MODIFY `id_sekilas` int(5) NOT NULL AUTO_INCREMENT, AUTO_INCREMENT=13;

--
-- AUTO_INCREMENT for table `tag`
--
ALTER TABLE `tag`
  MODIFY `id_tag` int(5) NOT NULL AUTO_INCREMENT, AUTO_INCREMENT=70;

--
-- AUTO_INCREMENT for table `tagvid`
--
ALTER TABLE `tagvid`
  MODIFY `id_tag` int(5) NOT NULL AUTO_INCREMENT, AUTO_INCREMENT=39;

--
-- AUTO_INCREMENT for table `tbl_comment`
--
ALTER TABLE `tbl_comment`
  MODIFY `id_komentar` int(5) NOT NULL AUTO_INCREMENT, AUTO_INCREMENT=25;

--
-- AUTO_INCREMENT for table `templates`
--
ALTER TABLE `templates`
  MODIFY `id_templates` int(5) NOT NULL AUTO_INCREMENT, AUTO_INCREMENT=24;

--
-- AUTO_INCREMENT for table `users_modul`
--
ALTER TABLE `users_modul`
  MODIFY `id_umod` int(11) NOT NULL AUTO_INCREMENT, AUTO_INCREMENT=14;

--
-- AUTO_INCREMENT for table `video`
--
ALTER TABLE `video`
  MODIFY `id_video` int(5) NOT NULL AUTO_INCREMENT, AUTO_INCREMENT=175;
COMMIT;

/*!40101 SET CHARACTER_SET_CLIENT=@OLD_CHARACTER_SET_CLIENT */;
/*!40101 SET CHARACTER_SET_RESULTS=@OLD_CHARACTER_SET_RESULTS */;
/*!40101 SET COLLATION_CONNECTION=@OLD_COLLATION_CONNECTION */;
